Date,SP500,NASDAQCOM,DCOILWTICO,CBBTCUSD,DEXJPUS,DTWEXBGS,PCOPPUSDM,NIKKEI225,DEXMXUS,DEXUSUK,NASDAQ100,DEXSZUS,DEXCAUS,DEXCHUS,DEXBZUS,DEXHKUS,DCOILBRENTEU
1990-01-01,,,,,,,2365.55699088135,,,,,,,,,,
1990-02-01,,,,,,,2358.9434,,,,,,,,,,
1990-03-01,,,,,,,2625.70272275848,,,,,,,,,,
1990-04-01,,,,,,,2685.22689088135,,,,,,,,,,
1990-05-01,,,,,,,2740.34239088135,,,,,,,,,,
1990-06-01,,,,,,,2583.81490911865,,,,,,,,,,
1990-07-01,,,,,,,2769.00302275848,,,,,,,,,,
1990-08-01,,,,,,,2956.39555455933,,,,,,,,,,
1990-09-01,,,,,,,3040.17084544067,,,,,,,,,,
1990-10-01,,,,,,,2742.54697724152,,,,,,,,,,
1990-11-01,,,,,,,2583.81490911865,,,,,,,,,,
1990-12-01,,,,,,,2484.60700911865,,,,,,,,,,
1991-01-01,,,,,,,2447.1282,,,,,,,,,,
1991-02-01,,,,,,,2447.1282,,,,,,,,,,
1991-03-01,,,,,,,2409.64939088135,,,,,,,,,,
1991-04-01,,,,,,,2471.37932275848,,,,,,,,,,
1991-05-01,,,,,,,2340.4246727356,,,,,,,,,,
1991-06-01,,,,,,,2218.06802725677,,,,,,,,,,
1991-07-01,,,,,,,2231.25534581909,,,,,,,,,,
1991-08-01,,,,,,,2236.18677692413,,,,,,,,,,
1991-09-01,,,,,,,2318.58300291138,,,,,,,,,,
1991-10-01,,,,,,,2360.64557547607,,,,,,,,,,
1991-11-01,,,,,,,2375.66037788696,,,,,,,,,,
1991-12-01,,,,,,,2205.91849749756,,,,,,,,,,
1992-01-01,,,,,,,2150.57962901611,,,,,,,,,,
1992-02-01,,,,,,,2208.89225860596,,,,,,,,,,
1992-03-01,,,,,,,2231.78550956421,,,,,,,,,,
1992-04-01,,,,,,,2214.16681599274,,,,,,,,,,
1992-05-01,,,,,,,2219.31505581207,,,,,,,,,,
1992-06-01,,,,,,,2296.44193858643,,,,,,,,,,
1992-07-01,,,,,,,2527.28502240143,,,,,,,,,,
1992-08-01,,,,,,,2513.46998458252,,,,,,,,,,
1992-09-01,,,,,,,2419.61418178101,,,,,,,,,,
1992-10-01,,,,,,,2262.45696237183,,,,,,,,,,
1992-11-01,,,,,,,2161.78909368286,,,,,,,,,,
1992-12-01,,,,,,,2211.95028749237,,,,,,,,,,
1993-01-01,,,,,,,2264.21397077332,,,,,,,,,,
1993-02-01,,,,,,,2212.18139313507,,,,,,,,,,
1993-03-01,,,,,,,2152.38020099945,,,,,,,,,,
1993-04-01,,,,,,,1953.62060192108,,,,,,,,,,
1993-05-01,,,,,,,1799.35169844818,,,,,,,,,,
1993-06-01,,,,,,,1857.87070840454,,,,,,,,,,
1993-07-01,,,,,,,1927.33981992645,,,,,,,,,,
1993-08-01,,,,,,,1951.07137548676,,,,,,,,,,
1993-09-01,,,,,,,1858.24999750519,,,,,,,,,,
1993-10-01,,,,,,,1646.99992897491,,,,,,,,,,
1993-11-01,,,,,,,1632.56810484467,,,,,,,,,,
1993-12-01,,,,,,,1723.6250736618,,,,,,,,,,
1994-01-01,,,,,,,1807.07136699066,,,,,,,,,,
1994-02-01,,,,,,,1865.07501472778,,,,,,,,,,
1994-03-01,,,,,,,1913.17391866455,,,,,,,,,,
1994-04-01,,,,,,,1881.36846713562,,,,,,,,,,
1994-05-01,,,,,,,2144.50007046051,,,,,,,,,,
1994-06-01,,,,,,,2363.09102303009,,,,,,,,,,
1994-07-01,,,,,,,2447.23803404999,,,,,,,,,,
1994-08-01,,,,,,,2409.74997397766,,,,,,,,,,
1994-09-01,,,,,,,2504.84103139343,,,,,,,,,,
1994-10-01,,,,,,,2546.02375416412,,,,,,,,,,
1994-11-01,,,,,,,2803.54541098175,,,,,,,,,,
1994-12-01,,,,,,,2980.69999645081,,,,,,,,,,
1995-01-01,,,,,,,3003.26189506836,,,,,,,,,,
1995-02-01,,,,,,,2870.45015814514,,,,,,,,,,
1995-03-01,,,,,,,2919.67397804871,,,,,,,,,,
1995-04-01,,,,,,,2894.88882296448,,,,,,,,,,
1995-05-01,,,,,,,2771.57125569763,,,,,,,,,,
1995-06-01,,,,,,,2987.68194348755,,,,,,,,,,
1995-07-01,,,,,,,3076.4500581665,,,,,,,,,,
1995-08-01,,,,,,,3040.13619641418,,,,,,,,,,
1995-09-01,,,,,,,2910.42504276428,,,,,,,,,,
1995-10-01,,,,,,,2810.06817431793,,,,,,,,,,
1995-11-01,,,,,,,2981.61903664856,,,,,,,,,,
1995-12-01,,,,,,,2918.21064537659,,,,,,,,,,
1996-01-01,,,,,,,2604.99992943115,,,,,,,,,,
1996-02-01,,,,,,,2544.66672335968,,,,,,,,,,
1996-03-01,,,,,,,2563.34994940033,,,,,,,,,,
1996-04-01,,,,,,,2594.17496803894,,,,,,,,,,
1996-05-01,,,,,,,2658.76193080902,,,,,,,,,,
1996-06-01,,,,,,,2177.59998270721,,,,,,,,,,
1996-07-01,,,,,,,1983.93479971771,,,,,,,,,,
1996-08-01,,,,,,,2017.85720584564,,,,,,,,,,
1996-09-01,,,,,,,1935.07143060913,,,,,,,,,,
1996-10-01,,,,,,,1960.19567519531,,,,,,,,,,
1996-11-01,,,,,,,2215.42864607391,,,,,,,,,,
1996-12-01,,,,,,,2264.59527826385,,,,,,,,,,
1997-01-01,,,,,,,2427.27279402924,,,,,,,,,,
1997-02-01,,,,,,,2406.63156159363,,,,,,,,,,
1997-03-01,,,,,,,2420.1842087265,,,,,,,,,,
1997-04-01,,,,,,,2389.31814949341,,,,,,,,,,
1997-05-01,,,,,,,2513.29993523407,,,,,,,,,,
1997-06-01,,,,,,,2611.28570015411,,,,,,,,,,
1997-07-01,,,,,,,2449.19570404663,,,,,,,,,,
1997-08-01,,,,,,,2250.10004305115,,,,,,,,,,
1997-09-01,,,,,,,2104.30955452118,,,,,,,,,,
1997-10-01,,,,,,,2050.6955684021,,,,,,,,,,
1997-11-01,,,,,,,1918.49994499359,,,,,,,,,,
1997-12-01,,,,,,,1761.45239143524,,,,,,,,,,
1998-01-01,,,,,,,1687.60000986328,,,,,,,,,,
1998-02-01,,,,,,,1663.99998604431,,,,,,,,,,
1998-03-01,,,,,,,1747.15916341095,,,,,,,,,,
1998-04-01,,,,,,,1800.12507817535,,,,,,,,,,
1998-05-01,,,,,,,1731.65792903595,,,,,,,,,,
1998-06-01,,,,,,,1656.59518632507,,,,,,,,,,
1998-07-01,,,,,,,1655.66672697449,,,,,,,,,,
1998-08-01,,,,,,,1619.92507875671,,,,,,,,,,
1998-09-01,,,,,,,1646.77269191284,,,,,,,,,,
1998-10-01,,,,,,,1585.49992534637,,,,,,,,,,
1998-11-01,,,,,,,1573.72497511139,,,,,,,,,,
1998-12-01,,,,,,,1475.76309447174,,,,,,,,,,
1999-01-01,,,,,,,1432.00002842255,,,,,,,,,,
1999-02-01,,,,,,,1412.95,,,,,,,,,,
1999-03-01,,,,,,,1378.47727272727,,,,,,,,,,
1999-04-01,,,,,,,1463.725,,,,,,,,,,
1999-05-01,,,,,,,1510.44736842105,,,,,,,,,,
1999-06-01,,,,,,,1422.15909090909,,,,,,,,,,
1999-07-01,,,,,,,1639.18181818182,,,,,,,,,,
1999-08-01,,,,,,,1646.7380952381,,,,,,,,,,
1999-09-01,,,,,,,1749.68181818182,,,,,,,,,,
1999-10-01,,,,,,,1723.28571428571,,,,,,,,,,
1999-11-01,,,,,,,1726.77272727273,,,,,,,,,,
1999-12-01,,,,,,,1764.88235294118,,,,,,,,,,
2000-01-01,,,,,,,1843.85,,,,,,,,,,
2000-02-01,,,,,,,1807.025,,,,,,,,,,
2000-03-01,,,,,,,1739.8,,,,,,,,,,
2000-04-01,,,,,,,1681.9075,,,,,,,,,,
2000-05-01,,,,,,,1785.09782608696,,,,,,,,,,
2000-06-01,,,,,,,1752.07272727273,,,,,,,,,,
2000-07-01,,,,,,,1803.14285714286,,,,,,,,,,
2000-08-01,,,,,,,1857.12391304348,,,,,,,,,,
2000-09-01,,,,,,,1961.89285714286,,,,,,,,,,
2000-10-01,,,,,,,1894.37272727273,,,,,,,,,,
2000-11-01,,,,,,,1795.60227272727,,,,,,,,,,
2000-12-01,,,,,,,1852.4,,,,,,,,,,
2001-01-01,,,,,,,1787.05681818182,,,,,,,,,,
2001-02-01,,,,,,,1766.125,,,,,,,,,,
2001-03-01,,,,,,,1742.15909090909,,,,,,,,,,
2001-04-01,,,,,,,1665.97222222222,,,,,,,,,,
2001-05-01,,,,,,,1684.85,,,,,,,,,,
2001-06-01,,,,,,,1610.46904761905,,,,,,,,,,
2001-07-01,,,,,,,1526.77045454545,,,,,,,,,,
2001-08-01,,,,,,,1466.41136363636,,,,,,,,,,
2001-09-01,,,,,,,1427.69736842105,,,,,,,,,,
2001-10-01,,,,,,,1377.37608695652,,,,,,,,,,
2001-11-01,,,,,,,1434.29318181818,,,,,,,,,,
2001-12-01,,,,,,,1472.84705882353,,,,,,,,,,
2002-01-01,,,,,,,1508.22727272727,,,,,,,,,,
2002-02-01,,,,,,,1561.3675,,,,,,,,,,
2002-03-01,,,,,,,1607.3925,,,,,,,,,,
2002-04-01,,,,,,,1588.57142857143,,,,,,,,,,
2002-05-01,,,,,,,1597.02272727273,,,,,,,,,,
2002-06-01,,,,,,,1650.59444444444,,,,,,,,,,
2002-07-01,,,,,,,1588.2847826087,,,,,,,,,,
2002-08-01,,,,,,,1482.91666666667,,,,,,,,,,
2002-09-01,,,,,,,1478.93333333333,,,,,,,,,,
2002-10-01,,,,,,,1486.17173913043,,,,,,,,,,
2002-11-01,,,,,,,1581.03571428571,,,,,,,,,,
2002-12-01,,,,,,,1592.96428571429,,,,,,,,,,
2003-01-01,,,,,,,1650.31136363636,,,,,,,,,,
2003-02-01,,,,,,,1682.145,,,,,,,,,,
2003-03-01,,,,,,,1655.69285714286,,,,,,,,,,
2003-04-01,,,,,,,1587.8675,,,,,,,,,,
2003-05-01,,,,,,,1651.1,,,,,,,,,,
2003-06-01,,,,,,,1685.10714285714,,,,,,,,,,
2003-07-01,,,,,,,1712.82608695652,,,,,,,,,,
2003-08-01,,,,,,,1756.725,,,,,,,,,,
2003-09-01,,,,,,,1789.67045454545,,,,,,,,,,
2003-10-01,,,,,,,1925.58260869565,,,,,,,,,,
2003-11-01,,,,,,,2053.275,,,,,,,,,,
2003-12-01,,,,,,,2202.03571428571,,,,,,,,,,
2004-01-01,,,,,,,2421.47619047619,,,,,,,,,,
2004-02-01,,,,,,,2751.7175,,,,,,,,,,
2004-03-01,,,,,,,3000.28260869565,,,,,,,,,,
2004-04-01,,,,,,,2926.975,,,,,,,,,,
2004-05-01,,,,,,,2728.46052631579,,,,,,,,,,
2004-06-01,,,,,,,2689.04545454545,,,,,,,,,,
2004-07-01,,,,,,,2816.79545454545,,,,,,,,,,
2004-08-01,,,,,,,2844.20238095238,,,,,,,,,,
2004-09-01,,,,,,,2903.17045454545,,,,,,,,,,
2004-10-01,,,,,,,3009.40476190476,,,,,,,,,,
2004-11-01,,,,,,,3130.30909090909,,,,,,,,,,
2004-12-01,,,,,,,3139.78571428571,,,,,,,,,,
2005-01-01,,,,,,,3168.1,,,,,,,,,,
2005-02-01,,,,,,,3247.1,,,,,,,,,,
2005-03-01,,,,,,,3378.90476190476,,,,,,,,,,
2005-04-01,,,,,,,3389.80952380952,,,,,,,,,,
2005-05-01,,,,,,,3241.9,,,,,,,,,,
2005-06-01,,,,,,,3529.72727272727,,,,,,,,,,
2005-07-01,,,,,,,3608.47619047619,,,,,,,,,,
2005-08-01,,,,,,,3791.90909090909,,,,,,,,,,
2005-09-01,,,,,,,3850.65909090909,,,,,,,,,,
2005-10-01,,,,,,,4056.16666666667,,,,,,,,,,
2005-11-01,,,,,,,4278.15909090909,,,,,,,,,,
2005-12-01,,,,,,,4577.025,,,,,,,,,,
2006-01-01,,,,,,,4743.85714285714,,,,,,,,,,
2006-02-01,,,,,,,4974.975,,,,,,,,,,
2006-03-01,,,,,,,5123.67391304348,,,,,,,,,,
2006-04-01,,,,,,,6404.44444444444,,,,,,,,,,
2006-05-01,,,,,,,8059.19047619048,,,,,,,,,,
2006-06-01,,,,,,,7222.77272727273,,,,,,,,,,
2006-07-01,,,,,,,7726.7380952381,,,,,,,,,,
2006-08-01,,,,,,,7690.25,,,,,,,,,,
2006-09-01,,,,,,,7622.64285714286,,,,,,,,,,
2006-10-01,,,,,,,7497.40909090909,,,,,,,,,,
2006-11-01,,,,,,,7029.29545454545,,,,,,,,,,
2006-12-01,,,,,,,6680.97368421053,,,,,,,,,,
2007-01-01,,,,,,,5689.34090909091,,,,,,,,,,
2007-02-01,,,,,,,5718.15,,,,,,,,,,
2007-03-01,,,,,,,6465.29545454545,,,,,,,,,,
2007-04-01,,,,,,,7753.34210526316,,,,,,,,,,
2007-05-01,,,,,,,7677.95238095238,,,,,,,,,,
2007-06-01,,,,,,,7514.2380952381,,,,,,,,,,
2007-07-01,,,,,,,7980.93181818182,,,,,,,,,,
2007-08-01,,,,,,,7500.20454545455,,,,,,,,,,
2007-09-01,,,,,,,7671.35,,,,,,,,,,
2007-10-01,,,,,,,8020.58695652174,,,,,,,,,,
2007-11-01,,,,,,,6957.43181818182,,,,,,,,,,
2007-12-01,,,,,,,6630.73611111111,,,,,,,,,,
2008-01-01,,,,,,,7078.90909090909,,,,,,,,,,
2008-02-01,,,,,,,7941.14285714286,,,,,,,,,,
2008-03-01,,,,,,,8434.31578947368,,,,,,,,,,
2008-04-01,,,,,,,8714.18181818182,,,,,,,,,,
2008-05-01,,,,,,,8356.125,,,,,,,,,,
2008-06-01,,,,,,,8292.0,,,,,,,,,,
2008-07-01,,,,,,,8407.02173913043,,,,,,,,,,
2008-08-01,,,,,,,7633.8,,,,,,,,,,
2008-09-01,,,,,,,6975.11363636364,,,,,,,,,,
2008-10-01,,,,,,,4894.89130434783,,,,,,,,,,
2008-11-01,,,,,,,3729.1875,,,,,,,,,,
2008-12-01,,,,,,,3105.09523809524,,,,,,,,,,
2009-01-01,,,,,,,3260.35714285714,,,,,,,,,,
2009-02-01,,,,,,,3328.4125,,,,,,,,,,
2009-03-01,,,,,,,3770.875,,,,,,,,,,
2009-04-01,,,,,,,4436.925,,,,,,,,,,
2009-05-01,,,,,,,4591.46052631579,,,,,,,,,,
2009-06-01,,,,,,,5015.43181818182,,,,,,,,,,
2009-07-01,,,,,,,5228.41304347826,,,,,,,,,,
2009-08-01,,,,,,,6176.875,,,,,,,,,,
2009-09-01,,,,,,,6195.75,,,,,,,,,,
2009-10-01,,,,,,,6305.98863636364,,,,,,,,,,
2009-11-01,,,,,,,6682.44047619048,,,,,,,,,,
2009-12-01,,,,,,,6976.97619047619,,,,,,,,,,
2010-01-01,,,,,,,7367.375,,,,,,,,,,
2010-02-01,,,,,,,6867.675,,,,,,,,,,
2010-03-01,,,,,,,7466.9347826087,,,,,,,,,,
2010-04-01,,,,,,,7729.8375,,,,,,,,,,
2010-05-01,,,,,,,6843.15789473684,,,,,,,,,,
2010-06-01,,,,,,,6501.5,,,,,,,,,,
2010-07-01,,,,,,,6750.56818181818,,,,,,,,,,
2010-08-01,,,,,,,7302.66666666667,,,,,,,,,,
2010-09-01,,,,,,,7729.59090909091,,,,,,,,,,
2010-10-01,,,,,,,8289.7619047619,,,,,,,,,,
2010-11-01,,,,,,,8458.42045454545,,,,,,,,,,
2010-12-01,,,,,,,9152.85714285714,,,,,,,,,,
2011-01-01,,,,,,,9533.2,,,,,,,,,,
2011-02-01,,,,,,,9880.9375,,,,,,,,,,
2011-03-01,,,,,,,9503.35869565217,,,,,,,,,,
2011-04-01,,,,,,,9482.75,,,,,,,,,,
2011-05-01,,,,,,,8931.675,,,,,,,,,,
2011-06-01,,,,,,,9066.85227272727,,,,,,,,,,
2011-07-01,,,,,,,9650.46428571429,,,,,,,,,,
2011-08-01,,,,,,,8997.98863636364,,,,,,,,,,
2011-09-01,,,,,,,8300.13636363636,,,,,,,,,,
2011-10-01,,,,,,,7394.19047619048,,,,,,,,,,
2011-11-01,,,,,,,7581.02272727273,,,,,,,,,,
2011-12-01,,,,,,,7558.875,,,,,,,,,,
2012-01-01,,,,,,,8061.91666666667,,,,,,,,,,
2012-02-01,,,,,,,8441.4880952381,,,,,,,,,,
2012-03-01,,,,,,,8470.78409090909,,,,,,,,,,
2012-04-01,,,,,,,8285.52631578947,,,,,,,,,,
2012-05-01,,,,,,,7896.90909090909,,,,,,,,,,
2012-06-01,,,,,,,7428.28947368421,,,,,,,,,,
2012-07-01,,,,,,,7584.26136363636,,,,,,,,,,
2012-08-01,,,,,,,7510.43181818182,,,,,,,,,,
2012-09-01,,,,,,,8087.7425,,,,,,,,,,
2012-10-01,,,,,,,8062.03260869565,,,,,,,,,,
2012-11-01,,,,,,,7711.22727272727,,,,,,,,,,
2012-12-01,,,,,,,7966.48684210526,,,,,,,,,,
2013-01-01,,,,,,,8053.73863636364,,,,,,,,,,
2013-02-01,,,,,,,8060.925,,,,,,,,,,
2013-03-01,,,,,,,7652.375,,,,,,,,,,
2013-04-01,,,,,,,7221.1619047619,,,,,,,,,,
2013-05-01,,,,,,,7248.71428571429,,,,,,,,,,
2013-06-01,,,,,,,7000.2375,,,,,,,,,,
2013-07-01,,,,,,,6906.64130434783,,,,,,,,,,
2013-08-01,,,,,,,7186.25,,,,,,,,,,
2013-09-01,,,,,,,7159.26904761905,,,,,,,,,,
2013-10-01,,,,,,,7203.02173913043,,,,,,,,,,
2013-11-01,,,,,,,7070.65476190476,,,,,,,,,,
2013-12-01,,,,,,,7214.9,,,,,,,,,,
2014-01-01,,,,,,,7291.46590909091,,,,,,,,,,
2014-02-01,,,,,,,7149.2125,,,,,,,,,,
2014-03-01,,,,,,,6650.03571428571,,,,,,,,,,
2014-04-01,,,,,,,6673.5625,,,,,,,,,,
2014-05-01,,,,,,,6891.125,,,,,,,,,,
2014-06-01,,,,,,,6821.14285714286,,,,,,,,,,
2014-07-01,,,,,,,7113.38043478261,,,,,,,,,,
2014-08-01,,,,,,,7001.8375,,,,,,,,,,
2014-09-01,,,,,,,6872.21590909091,,,,,,,,,,
2014-10-01,,,,,,,6737.47826086957,,,,,,,,,,
2014-11-01,,,,,,,6712.85,,,,,,,,,,
2014-12-01,,,,,,,6446.45238095238,,,,,,,,,,
2015-01-01,,,,,,,5830.53571428571,,,,,,,,,,
2015-02-01,,,,,,,5729.275,,,,,,,,,,
2015-03-01,,,,,,,5939.67045454545,,,,,,,,,,
2015-04-01,,,,,,,6042.0875,,,,,,,,,,
2015-05-01,,,,,,,6294.77631578947,,,,,,,,,,
2015-06-01,,,,,,,5833.01136363636,,,,,,,,,,
2015-07-01,,,,,,,5456.75,,,,,,,,,,
2015-08-01,,,,,,,5127.3,,,,,,,,,,
2015-09-01,,,,,,,5217.25,,,,,,,,,,
2015-10-01,,,,,,,5216.09090909091,,,,,,,,,,
2015-11-01,,,,,,,4799.90476190476,,,,,,,,,,
2015-12-01,,,,,,,4638.83333333333,,,,,,,,,,
2016-01-01,,,,,,,4471.7875,,,,,,,,,,
2016-02-01,,,,,,,4598.61904761905,,,,,,,,,,
2016-03-01,,,,,,,4953.79761904762,,,,,,,,,,
2016-04-01,,,,,,,4872.7380952381,,,,,,,,,,
2016-05-01,,,,,,,4694.5375,,,,,,,,,,
2016-06-01,,,,,,,4641.96590909091,,,,,,,,,,
2016-07-01,,,,,,,4864.90476190476,,,,,,,,,,
2016-08-01,,,,,,,4751.67045454545,,,,,,,,,,
2016-09-01,,,,,,,4722.20454545455,,,,,,,,,,
2016-10-01,,,,,,,4731.2619047619,,,,,,,,,,
2016-11-01,,,,,,,5450.93181818182,,,,,,,,,,
2016-12-01,,,,,,,5660.35,,,,,,,,,,
2017-01-01,,,,,,,5754.55952380952,,,,,,,,,,
2017-02-01,,,,,,,5940.9125,,,,,,,,,,
2017-03-01,,,,,,,5824.63043478261,,,,,,,,,,
2017-04-01,,,,,,,5683.90277777778,,,,,,,,,,
2017-05-01,,,,,,,5599.55952380952,,,,,,,,,,
2017-06-01,,,,,,,5719.76136363636,,,,,,,,,,
2017-07-01,,,,,,,5985.11904761905,,,,,,,,,,
2017-08-01,,,,,,,6485.625,,,,,,,,,,
2017-09-01,,,,,,,6577.16666666667,,,,,,,,,,
2017-10-01,,,,,,,6807.60227272727,,,,,,,,,,
2017-11-01,,,,,,,6826.54545454545,,,,,,,,,,
2017-12-01,,,,,,,6833.8947368421,,,,,,,,,,
2018-01-01,,,,,,,7065.85227272727,,,,,,,,,,
2018-02-01,,,,,,,7006.525,,,,,,,,,,
2018-03-01,,,,,,,6799.17857142857,,,,,,,,,,
2018-04-01,,,,,,,6851.5125,,,,,,,,,,
2018-05-01,,,,,,,6825.27380952381,,,,,,,,,,
2018-06-01,,,,,,,6965.85714285714,,,,,,,,,,
2018-07-01,,,,,,,6250.75,,,,,,,,,,
2018-08-01,,,,,,,6051.04545454545,,,,,,,,,,
2018-09-01,,,,,,,6050.7625,,,,,,,,,,
2018-10-01,,,,,,,6219.58695652174,,,,,,,,,,
2018-11-01,,,,,,,6195.92045454545,,,,,,,,,,
2018-12-01,,,,,,,6075.31578947368,,,,,,,,,,
2019-01-01,,,,,,,5939.10227272727,,,,,,,,,,
2019-02-01,,,,,,,6300.4875,,,,,,,,,,
2019-03-01,,,,,,,6439.46428571429,,,,,,,,,,
2019-04-01,,,,,,,6438.3625,,,,,,,,,,
2019-05-01,,,,,,,6017.90476190476,,,,,,,,,,
2019-06-01,,,,,,,5882.225,,,,,,,,,,
2019-07-01,,,,,,,5941.19565217391,,,,,,,,,,
2019-08-01,,,,,,,5709.44047619048,,,,,,,,,,
2019-09-01,,,,,,,5759.25,,,,,,,,,,
2019-10-01,,,,,,,5757.29782608696,,,,,,,,,,
2019-11-01,,,,,,,5859.95238095238,,,,,,,,,,
2019-12-01,,,,,,,6077.0625,,,,,,,,,,
2020-01-01,,,,,,,6031.20909090909,,,,,,,,,,
2020-02-01,,,,,,,5687.75,,,,,,,,,,
2020-03-01,,,,,,,5182.63181818182,,,,,,,,,,
2020-04-01,,,,,,,5057.972,,,,,,,,,,
2020-05-01,,,,,,,5239.82631578947,,,,,,,,,,
2020-06-01,,,,,,,5754.59545454546,,,,,,,,,,
2020-07-01,,,,,,,6372.46086956522,,,,,,,,,,
2020-08-01,,,,,,,6508.39285714286,,,,,,,,,,
2020-09-01,,,,,,,6704.9,,,,,,,,,,
2020-10-01,,,,,,,6713.81136363636,,,,,,,,,,
2020-11-01,,,,,,,7068.90714285714,,,,,,,,,,
2020-12-01,,,,,,,7772.2380952381,,,,,,,,,,
2021-01-01,,,,,,,7972.1475,,,,,,,,,,
2021-01-11,,,,,104.16,111.8342,7972.1475,,,,,,,,,,
2021-01-12,,,53.08,,104.09,111.5584,7972.1475,,,,,,,,,,
2021-01-13,,,52.81,,103.91,111.3702,7972.1475,,,,,,,,,,
2021-01-14,3795.54,13112.64,53.47,39171.12,103.66,111.1639,7972.1475,,,,,,,,,,
2021-01-15,3768.25,12998.5,52.25,36868.39,103.8,111.5168,7972.1475,,,,,,,,,,
2021-01-16,3768.25,12998.5,52.25,35869.47,103.8,111.5168,7972.1475,,,,,,,,,,
2021-01-17,3768.25,12998.5,52.25,35931.15,103.8,111.5168,7972.1475,,,,,,,,,,
2021-01-18,3768.25,12998.5,52.25,36765.97,103.8,111.5168,7972.1475,,,,,,,,,,
2021-01-19,3798.91,13197.18,52.87,35673.03,103.86,111.4591,7972.1475,,,,,,,,,,
2021-01-20,3851.85,13457.25,53.16,35570.44,103.86,111.4591,7972.1475,,,,,,,,,,55.66
2021-01-21,3853.07,13530.91,53.0,30647.26,103.57,111.2044,7972.1475,,,,,,,,,,55.68
2021-01-22,3841.47,13543.06,52.28,32885.51,103.76,111.5602,7972.1475,,,,,,,,,,55.22
2021-01-23,3841.47,13543.06,52.28,32021.33,103.76,111.5602,7972.1475,,,,,,,,,,55.22
2021-01-24,3841.47,13543.06,52.28,32250.01,103.76,111.5602,7972.1475,,,,,,,,,,55.22
2021-01-25,3855.36,13635.99,52.78,31979.0,103.78,111.8767,7972.1475,,20.14,1.3668,,0.8882,1.2747,6.4784,5.4665,7.7517,55.44
2021-01-26,3849.62,13626.06,52.61,32579.82,103.69,111.6661,7972.1475,,20.08,1.3729,,0.888,1.2711,6.4635,5.3682,7.7523,55.26
2021-01-27,3750.77,13270.6,52.81,30552.06,104.09,112.0876,7972.1475,,20.22,1.3688,13112.65,0.889,1.2782,6.4822,5.4139,7.7518,55.07
2021-01-28,3787.38,13337.16,52.26,33484.8,104.31,112.015,7972.1475,28197.42,20.23,1.3727,13201.53,0.8887,1.2812,6.4491,5.3992,7.7531,54.87
2021-01-29,3714.24,13070.69,52.16,34330.14,104.64,111.9604,7972.1475,27663.39,20.255,1.3723,12925.38,0.8905,1.2776,6.4282,5.4479,7.7531,55.25
2021-01-30,3714.24,13070.69,52.16,34229.25,104.64,111.9604,7972.1475,27663.39,20.255,1.3723,12925.38,0.8905,1.2776,6.4282,5.4479,7.7531,55.25
2021-01-31,3714.24,13070.69,52.16,33076.09,104.64,111.9604,7972.1475,27663.39,20.255,1.3723,12925.38,0.8905,1.2776,6.4282,5.4479,7.7531,55.25
2021-02-01,3773.86,13403.39,53.55,33457.6,104.97,112.4282,8470.94,28091.05,20.356,1.3672,13248.9,0.8965,1.2826,6.4669,5.4746,7.7527,56.42
2021-02-02,3826.31,13612.78,54.77,35511.07,105.09,112.2937,8470.94,28362.17,20.151,1.3644,13456.12,0.8987,1.2815,6.457,5.3704,7.7515,57.62
2021-02-03,3830.17,13610.54,55.67,37769.41,105.05,112.2648,8470.94,28646.5,20.217,1.3652,13402.37,0.8993,1.2765,6.4614,5.3624,7.7516,58.61
2021-02-04,3871.74,13777.74,56.19,37070.87,105.43,112.756,8470.94,28341.95,20.457,1.3665,13560.89,0.9031,1.283,6.4715,5.4236,7.7524,58.98
2021-02-05,3886.83,13856.3,56.8,38376.86,105.44,112.2463,8470.94,28779.19,20.13,1.3714,13603.96,0.8996,1.2781,6.4664,5.3522,7.7524,59.48
2021-02-06,3886.83,13856.3,56.8,38995.52,105.44,112.2463,8470.94,28779.19,20.13,1.3714,13603.96,0.8996,1.2781,6.4664,5.3522,7.7524,59.48
2021-02-07,3886.83,13856.3,56.8,38888.74,105.44,112.2463,8470.94,28779.19,20.13,1.3714,13603.96,0.8996,1.2781,6.4664,5.3522,7.7524,59.48
2021-02-08,3915.59,13987.64,57.95,46674.44,105.19,112.0512,8470.94,29388.5,20.112,1.3738,13695.02,0.8986,1.2755,6.4475,5.3153,7.7525,60.17
2021-02-09,3911.23,14007.7,58.34,46595.44,104.62,111.7768,8470.94,29505.93,20.097,1.3796,13687.08,0.893,1.2713,6.4344,5.4261,7.7516,60.74
2021-02-10,3909.88,13972.53,58.69,44887.29,104.67,111.5929,8470.94,29562.93,20.05,1.385,13655.27,0.8891,1.2678,6.4576,5.3601,7.7522,61.17
2021-02-11,3916.38,14025.77,58.22,48121.0,104.75,111.5364,8470.94,29562.93,19.96,1.3822,13734.35,0.8907,1.2689,6.4567,5.3876,7.7526,61.09
2021-02-12,3934.83,14095.47,59.5,47524.18,104.94,111.4981,8470.94,29520.07,19.93,1.3855,13807.7,0.8911,1.2694,6.4567,5.3699,7.7528,62.47
2021-02-13,3934.83,14095.47,59.5,47274.23,104.94,111.4981,8470.94,29520.07,19.93,1.3855,13807.7,0.8911,1.2694,6.4567,5.3699,7.7528,62.47
2021-02-14,3934.83,14095.47,59.5,48703.26,104.94,111.4981,8470.94,29520.07,19.93,1.3855,13807.7,0.8911,1.2694,6.4567,5.3699,7.7528,62.47
2021-02-15,3934.83,14095.47,59.5,47911.87,104.94,111.4981,8470.94,30084.15,19.93,1.3855,13807.7,0.8911,1.2694,6.4567,5.3699,7.7528,63.58
2021-02-16,3932.59,14047.5,60.07,49257.23,105.88,111.7984,8470.94,30467.75,20.218,1.391,13773.77,0.8923,1.2694,6.4567,5.3765,7.7522,63.96
2021-02-17,3931.33,13965.5,61.09,52269.84,105.83,112.03,8470.94,30292.19,20.186,1.3848,13699.71,0.8985,1.2712,6.4567,5.4059,7.7522,65.02
2021-02-18,3913.97,13865.36,60.4,51644.16,105.69,112.1718,8470.94,30236.09,20.436,1.3956,13637.51,0.8968,1.2706,6.4869,5.4391,7.7528,64.09
2021-02-19,3906.71,13874.47,59.12,56029.51,105.58,111.7179,8470.94,30017.92,20.4,1.4025,13580.78,0.8948,1.2596,6.4555,5.3938,7.7531,62.84
2021-02-20,3906.71,13874.47,59.12,55960.05,105.58,111.7179,8470.94,30017.92,20.4,1.4025,13580.78,0.8948,1.2596,6.4555,5.3938,7.7531,62.84
2021-02-21,3906.71,13874.47,59.12,57538.47,105.58,111.7179,8470.94,30017.92,20.4,1.4025,13580.78,0.8948,1.2596,6.4555,5.3938,7.7531,62.84
2021-02-22,3876.5,13533.05,61.67,54130.33,105.06,111.9316,8470.94,30156.03,20.672,1.4077,13223.74,0.8958,1.2606,6.4625,5.4781,7.7536,64.73
2021-02-23,3881.37,13465.2,61.66,48972.11,105.21,111.911,8470.94,30156.03,20.604,1.4092,13194.71,0.9022,1.261,6.464,5.4267,7.7536,65.16
2021-02-24,3925.43,13597.97,63.21,49789.99,105.91,111.7339,8470.94,29671.7,20.46,1.4106,13302.19,0.9074,1.2537,6.4556,5.4249,7.7546,66.85
2021-02-25,3829.34,13119.43,63.43,46927.73,106.22,111.9402,8470.94,30168.27,20.891,1.4105,12828.31,0.9033,1.2528,6.4541,5.4903,7.7536,66.69
2021-02-26,3811.15,13192.35,61.55,46360.17,106.64,112.8433,8470.94,28966.01,20.935,1.3947,12909.44,0.9092,1.2698,6.473,5.5724,7.7567,65.86
2021-02-27,3811.15,13192.35,61.55,45973.56,106.64,112.8433,8470.94,28966.01,20.935,1.3947,12909.44,0.9092,1.2698,6.473,5.5724,7.7567,65.86
2021-02-28,3811.15,13192.35,61.55,45352.29,106.64,112.8433,8470.94,28966.01,20.935,1.3947,12909.44,0.9092,1.2698,6.473,5.5724,7.7567,65.86
2021-03-01,3901.82,13588.83,60.54,49652.19,106.68,112.538,8988.24782608696,29663.5,20.607,1.3938,13282.95,0.9138,1.2652,6.4648,5.5704,7.7565,64.56
2021-03-02,3870.29,13358.79,59.7,48368.22,106.75,112.5472,8988.24782608696,29408.17,20.624,1.3962,13059.95,0.9141,1.2612,6.4702,5.711,7.7575,63.17
2021-03-03,3819.72,12997.75,61.33,50164.67,106.92,112.7761,8988.24782608696,29559.1,20.9203,1.3978,12683.33,0.918,1.2611,6.4675,5.7591,7.7562,64.7
2021-03-04,3768.47,12723.47,63.81,48327.39,107.58,112.717,8988.24782608696,28930.11,20.8206,1.3999,12464.0,0.9257,1.2584,6.4694,5.5666,7.7582,67.32
2021-03-05,3841.94,12920.15,66.08,48908.09,108.24,113.7626,8988.24782608696,28864.32,21.277,1.3817,12668.51,0.9305,1.2666,6.496,5.6912,7.7642,69.95
2021-03-06,3841.94,12920.15,66.08,48986.85,108.24,113.7626,8988.24782608696,28864.32,21.277,1.3817,12668.51,0.9305,1.2666,6.496,5.6912,7.7642,69.95
2021-03-07,3841.94,12920.15,66.08,50858.34,108.24,113.7626,8988.24782608696,28864.32,21.277,1.3817,12668.51,0.9305,1.2666,6.496,5.6912,7.7642,69.95
2021-03-08,3821.35,12609.16,65.03,52472.59,108.92,114.2824,8988.24782608696,28743.25,21.45,1.381,12299.08,0.9355,1.2672,6.525,5.7341,7.7698,68.0
2021-03-09,3875.44,13073.82,64.02,54999.99,108.64,113.9431,8988.24782608696,29027.94,21.258,1.3884,12794.49,0.9292,1.2652,6.505,5.8084,7.7617,67.03
2021-03-10,3898.81,13068.83,64.45,56046.27,108.58,113.6015,8988.24782608696,29036.56,20.95,1.3899,12752.07,0.9317,1.2641,6.505,5.672,7.7611,67.53
2021-03-11,3939.34,13398.67,66.02,57911.02,108.44,112.9345,8988.24782608696,29211.64,20.696,1.398,13052.9,0.9244,1.2558,6.4932,5.553,7.76,69.34
2021-03-12,3943.34,13319.86,65.59,57174.89,108.87,113.0403,8988.24782608696,29717.83,20.7411,1.3925,12937.29,0.9281,1.2471,6.5081,5.553,7.7656,68.87
2021-03-13,3943.34,13319.86,65.59,61130.22,108.87,113.0403,8988.24782608696,29717.83,20.7411,1.3925,12937.29,0.9281,1.2471,6.5081,5.553,7.7656,68.87
2021-03-14,3943.34,13319.86,65.59,59192.98,108.87,113.0403,8988.24782608696,29717.83,20.7411,1.3925,12937.29,0.9281,1.2471,6.5081,5.553,7.7656,68.87
2021-03-15,3968.94,13459.71,65.36,55430.19,109.11,113.2065,8988.24782608696,29766.97,20.742,1.3866,13082.54,0.9283,1.249,6.4996,5.6539,7.7658,68.78
2021-03-16,3962.71,13471.57,64.82,57126.52,109.01,112.997,8988.24782608696,29921.09,20.567,1.3892,13152.28,0.9261,1.2451,6.5052,5.5756,7.7653,67.95
2021-03-17,3974.12,13525.2,64.55,59221.23,109.22,113.1726,8988.24782608696,29914.33,20.672,1.3888,13202.38,0.9276,1.2475,6.503,5.655,7.767,67.73
2021-03-18,3915.46,13116.17,59.95,57562.46,108.97,112.7872,8988.24782608696,30216.75,20.44,1.3938,12789.14,0.9281,1.2434,6.5054,5.5366,7.7645,62.11
2021-03-19,3913.1,13215.24,61.43,58001.29,108.85,112.9877,8988.24782608696,29792.05,20.4971,1.3872,12866.99,0.9301,1.2511,6.507,5.475,7.7646,64.0
2021-03-20,3913.1,13215.24,61.43,58051.01,108.85,112.9877,8988.24782608696,29792.05,20.4971,1.3872,12866.99,0.9301,1.2511,6.507,5.475,7.7646,64.0
2021-03-21,3913.1,13215.24,61.43,57402.03,108.85,112.9877,8988.24782608696,29792.05,20.4971,1.3872,12866.99,0.9301,1.2511,6.507,5.475,7.7646,64.0
2021-03-22,3940.59,13377.54,61.48,54230.21,108.67,113.0154,8988.24782608696,29174.15,20.588,1.3856,13086.51,0.9233,1.2528,6.507,5.5316,7.7662,63.89
2021-03-23,3910.52,13227.7,57.75,54268.81,108.61,113.3038,8988.24782608696,28995.92,20.629,1.3795,13017.79,0.9327,1.2548,6.516,5.4771,7.7669,59.96
2021-03-24,3889.14,12961.89,61.12,52294.65,108.81,113.669,8988.24782608696,28405.52,20.793,1.3723,12798.88,0.9355,1.2551,6.523,5.555,7.7675,63.7
2021-03-25,3909.52,12977.68,58.47,51386.2,109.13,114.014,8988.24782608696,28729.88,20.783,1.3722,12780.51,0.9393,1.2613,6.5452,5.6352,7.7688,61.21
2021-03-26,3974.54,13138.72,60.93,55314.11,109.55,113.7532,8988.24782608696,29176.7,20.573,1.3794,12979.12,0.9398,1.2577,6.5412,5.7132,7.7686,63.77
2021-03-27,3974.54,13138.72,60.93,55932.18,109.55,113.7532,8988.24782608696,29176.7,20.573,1.3794,12979.12,0.9398,1.2577,6.5412,5.7132,7.7686,63.77
2021-03-28,3974.54,13138.72,60.93,55821.59,109.55,113.7532,8988.24782608696,29176.7,20.573,1.3794,12979.12,0.9398,1.2577,6.5412,5.7132,7.7686,63.77
2021-03-29,3971.09,13059.65,61.49,57630.72,109.73,113.9447,8988.24782608696,29384.52,20.585,1.3793,12965.74,0.9381,1.2592,6.5696,5.7778,7.7725,64.06
2021-03-30,3958.55,13045.39,60.55,58800.0,110.19,114.2152,8988.24782608696,29432.7,20.597,1.3729,12896.53,0.9427,1.2626,6.5716,5.7439,7.7746,63.28
2021-03-31,3972.89,13246.87,59.19,58837.71,110.61,113.8351,8988.24782608696,29178.8,20.441,1.3795,13091.44,0.9418,1.2571,6.5518,5.659,7.7746,63.52
2021-04-01,4019.87,13480.11,61.41,58768.84,110.61,113.7504,9324.8175,29388.87,20.3358,1.3825,13329.51,0.9409,1.2569,6.5645,5.6887,7.7764,63.85
2021-04-02,4019.87,13480.11,61.41,59019.55,110.67,113.7429,9324.8175,29854.0,20.305,1.3825,13329.51,0.9419,1.2566,6.5646,5.7075,7.7759,63.85
2021-04-03,4019.87,13480.11,61.41,56731.0,110.67,113.7429,9324.8175,29854.0,20.305,1.3825,13329.51,0.9419,1.2566,6.5646,5.7075,7.7759,63.85
2021-04-04,4019.87,13480.11,61.41,58266.39,110.67,113.7429,9324.8175,29854.0,20.305,1.3825,13329.51,0.9419,1.2566,6.5646,5.7075,7.7759,63.85
2021-04-05,4077.91,13705.59,58.73,59200.0,110.08,113.406,9324.8175,30089.25,20.242,1.3907,13598.16,0.9359,1.2512,6.5649,5.6584,7.7755,63.85
2021-04-06,4073.94,13698.38,59.34,58018.31,109.83,113.1575,9324.8175,29696.63,20.141,1.3849,13578.46,0.9325,1.254,6.537,5.6143,7.776,61.47
2021-04-07,4079.95,13688.84,59.77,55962.11,109.67,113.254,9324.8175,29730.79,20.18,1.3757,13616.7,0.9274,1.2614,6.5415,5.6062,7.7849,61.86
2021-04-08,4097.17,13829.31,59.61,58108.65,109.25,113.1015,9324.8175,29708.98,20.09,1.3739,13758.51,0.9249,1.2576,6.5505,5.5743,7.7763,62.09
2021-04-09,4128.8,13900.19,59.29,58126.14,109.64,113.2132,9324.8175,29768.06,20.162,1.3734,13845.05,0.9249,1.254,6.5522,5.6522,7.7783,61.89
2021-04-10,4128.8,13900.19,59.29,60039.35,109.64,113.2132,9324.8175,29768.06,20.162,1.3734,13845.05,0.9249,1.254,6.5522,5.6522,7.7783,61.89
2021-04-11,4128.8,13900.19,59.29,60133.37,109.64,113.2132,9324.8175,29768.06,20.162,1.3734,13845.05,0.9249,1.254,6.5522,5.6522,7.7783,61.89
2021-04-12,4127.99,13850.0,59.7,59903.04,109.43,113.1916,9324.8175,29538.73,20.101,1.3741,13819.35,0.9228,1.2556,6.5475,5.6974,7.773,62.38
2021-04-13,4141.59,13996.1,60.2,63660.94,109.19,113.0489,9324.8175,29751.61,20.052,1.3742,13986.49,0.9213,1.2541,6.5431,5.6898,7.7739,62.83
2021-04-14,4124.66,13857.84,63.15,63283.43,108.93,112.7951,9324.8175,29620.99,20.058,1.379,13803.91,0.9228,1.2515,6.5292,5.6806,7.7668,66.11
2021-04-15,4170.42,14038.76,63.42,63346.93,108.78,112.6274,9324.8175,29642.69,19.918,1.3781,14026.19,0.9227,1.2539,6.522,5.611,7.7666,66.13
2021-04-16,4185.47,14052.34,63.16,61486.08,108.78,112.4913,9324.8175,29683.37,19.912,1.3826,14041.91,0.9196,1.2498,6.5203,5.6107,7.7699,65.98
2021-04-17,4185.47,14052.34,63.16,60199.33,108.78,112.4913,9324.8175,29683.37,19.912,1.3826,14041.91,0.9196,1.2498,6.5203,5.6107,7.7699,65.98
2021-04-18,4185.47,14052.34,63.16,56351.2,108.78,112.4913,9324.8175,29683.37,19.912,1.3826,14041.91,0.9196,1.2498,6.5203,5.6107,7.7699,65.98
2021-04-19,4163.26,13914.77,63.33,55797.39,108.09,112.1929,9324.8175,29685.37,19.811,1.3977,13907.67,0.9155,1.2534,6.5085,5.5687,7.7662,66.54
2021-04-20,4134.94,13786.27,62.61,56514.9,108.07,112.2444,9324.8175,29100.38,19.872,1.3955,13809.3,0.9145,1.2574,6.4981,5.5185,7.7609,65.34
2021-04-21,4173.42,13950.22,61.34,53919.48,108.09,112.1862,9324.8175,28508.55,19.884,1.3936,13935.15,0.9166,1.2484,6.4903,5.5687,7.7636,64.02
2021-04-22,4134.98,13818.41,61.45,51653.27,108.17,112.2385,9324.8175,29188.17,19.874,1.3851,13762.36,0.9182,1.249,6.491,5.4971,7.7596,65.07
2021-04-23,4180.17,14016.81,62.18,51231.69,107.94,112.0981,9324.8175,29020.63,19.852,1.3845,13941.44,0.9152,1.2495,6.4945,5.5011,7.7605,65.75
2021-04-24,4180.17,14016.81,62.18,50167.5,107.94,112.0981,9324.8175,29020.63,19.852,1.3845,13941.44,0.9152,1.2495,6.4945,5.5011,7.7605,65.75
2021-04-25,4180.17,14016.81,62.18,49272.06,107.94,112.0981,9324.8175,29020.63,19.852,1.3845,13941.44,0.9152,1.2495,6.4945,5.5011,7.7605,65.75
2021-04-26,4187.62,14138.78,62.02,53969.71,108.12,111.8207,9324.8175,29126.23,19.843,1.389,14026.16,0.9145,1.2399,6.4844,5.4508,7.7601,65.5
2021-04-27,4186.72,14090.22,63.03,55120.81,108.56,111.9203,9324.8175,28991.89,19.974,1.3908,13960.28,0.9134,1.2396,6.483,5.4342,7.7612,66.25
2021-04-28,4183.18,14051.03,63.81,54964.11,108.81,111.8015,9324.8175,29053.97,19.942,1.3917,13901.62,0.9124,1.2354,6.4771,5.3964,7.7637,67.08
2021-04-29,4211.47,14082.55,65.0,53562.87,108.94,111.7583,9324.8175,29053.97,20.109,1.3956,13970.2,0.9099,1.2295,6.471,5.3624,7.7635,68.26
2021-04-30,4181.17,13962.68,63.5,57640.17,109.33,112.0959,9324.8175,28812.63,20.169,1.3838,13860.76,0.9127,1.2291,6.4749,5.4194,7.7664,67.73
2021-05-01,4181.17,13962.68,63.5,57868.94,109.33,112.0959,10166.285,28812.63,20.169,1.3838,13860.76,0.9127,1.2291,6.4749,5.4194,7.7664,67.73
2021-05-02,4181.17,13962.68,63.5,56631.64,109.33,112.0959,10166.285,28812.63,20.169,1.3838,13860.76,0.9127,1.2291,6.4749,5.4194,7.7664,67.73
2021-05-03,4192.66,13895.12,64.46,57213.29,109.08,112.0176,10166.285,28812.63,20.2,1.3913,13799.72,0.9116,1.2275,6.4749,5.3857,7.7662,67.73
2021-05-04,4164.66,13633.5,65.72,53128.68,109.34,112.3021,10166.285,28812.63,20.256,1.3873,13544.67,0.9136,1.232,6.4749,5.449,7.7677,68.91
2021-05-05,4167.59,13582.42,65.63,57518.01,109.27,112.1639,10166.285,28812.63,20.216,1.3913,13503.37,0.913,1.2262,6.4749,5.3648,7.7697,69.71
2021-05-06,4201.62,13632.84,64.73,56485.77,109.17,111.8525,10166.285,29331.37,20.177,1.388,13613.73,0.9096,1.2192,6.4635,5.2804,7.7686,68.62
2021-05-07,4232.6,13752.24,64.96,57373.88,108.52,111.0372,10166.285,29357.82,19.901,1.4,13719.63,0.9009,1.2137,6.431,5.214,7.7664,68.73
2021-05-08,4232.6,13752.24,64.96,59045.17,108.52,111.0372,10166.285,29357.82,19.901,1.4,13719.63,0.9009,1.2137,6.431,5.214,7.7664,68.73
2021-05-09,4232.6,13752.24,64.96,58410.34,108.52,111.0372,10166.285,29357.82,19.901,1.4,13719.63,0.9009,1.2137,6.431,5.214,7.7664,68.73
2021-05-10,4188.43,13401.86,64.92,55936.77,108.7,110.803,10166.285,29518.34,19.87,1.4153,13359.08,0.8986,1.2085,6.4156,5.2244,7.7651,68.61
2021-05-11,4152.1,13389.43,65.31,56719.0,108.53,110.904,10166.285,28608.59,19.855,1.4149,13351.27,0.902,1.2092,6.4285,5.2124,7.7677,68.83
2021-05-12,4063.04,13031.68,65.96,49095.57,109.53,111.5762,10166.285,28147.51,20.116,1.4081,13001.63,0.9088,1.2104,6.4566,5.2529,7.7667,69.62
2021-05-13,4112.5,13124.99,63.82,49635.45,109.56,111.6079,10166.285,27448.01,20.046,1.4033,13109.15,0.9068,1.2147,6.4506,5.2793,7.7686,67.36
2021-05-14,4173.85,13429.98,65.32,49923.92,109.37,111.1476,10166.285,28084.47,19.86,1.4096,13393.12,0.9021,1.2114,6.4367,5.2574,7.7663,69.24
2021-05-15,4173.85,13429.98,65.32,46984.74,109.37,111.1476,10166.285,28084.47,19.86,1.4096,13393.12,0.9021,1.2114,6.4367,5.2574,7.7663,69.24
2021-05-16,4173.85,13429.98,65.32,46523.31,109.37,111.1476,10166.285,28084.47,19.86,1.4096,13393.12,0.9021,1.2114,6.4367,5.2574,7.7663,69.24
2021-05-17,4163.29,13379.05,66.24,43768.74,109.17,111.0913,10166.285,27824.83,19.8,1.4127,13312.91,0.9016,1.2073,6.4388,5.2594,7.7661,69.62
2021-05-18,4127.83,13303.64,65.49,42989.8,109.01,110.8446,10166.285,28406.84,19.828,1.4184,13217.68,0.8986,1.2061,6.425,5.2359,7.7657,69.01
2021-05-19,4115.68,13299.74,63.28,37236.61,108.76,110.8933,10166.285,28044.45,19.8,1.4169,13237.91,0.9003,1.2089,6.4342,5.265,7.7647,66.88
2021-05-20,4159.12,13535.74,61.95,40749.78,108.79,110.8741,10166.285,28098.25,19.877,1.4182,13494.09,0.8985,1.2049,6.4339,5.2831,7.7631,65.18
2021-05-21,4155.86,13470.99,63.61,37425.0,108.94,111.0714,10166.285,28317.83,19.94,1.4158,13411.74,0.8987,1.2072,6.4339,5.3235,7.764,66.72
2021-05-22,4155.86,13470.99,63.61,37383.34,108.94,111.0714,10166.285,28317.83,19.94,1.4158,13411.74,0.8987,1.2072,6.4339,5.3235,7.764,66.72
2021-05-23,4155.86,13470.99,63.61,34927.4,108.94,111.0714,10166.285,28317.83,19.94,1.4158,13411.74,0.8987,1.2072,6.4339,5.3235,7.764,66.72
2021-05-24,4197.05,13661.17,66.13,38725.06,108.81,110.9254,10166.285,28364.61,19.863,1.4147,13641.75,0.8973,1.2082,6.4177,5.3223,7.7652,68.59
2021-05-25,4188.13,13657.17,66.27,38370.0,108.95,110.8557,10166.285,28553.98,19.888,1.4123,13657.73,0.8971,1.2069,6.41,5.306,7.7624,68.8
2021-05-26,4195.99,13738.0,66.41,39213.41,109.1,110.8814,10166.285,28642.19,19.894,1.4129,13702.74,0.8973,1.2111,6.3905,5.3062,7.7622,68.93
2021-05-27,4200.88,13736.28,66.87,38368.17,109.81,110.8829,10166.285,28549.01,19.97,1.4172,13657.85,0.8977,1.2075,6.3824,5.2642,7.7608,69.43
2021-05-28,4204.11,13748.74,66.31,35770.0,109.83,110.7711,10166.285,29149.41,19.93,1.4188,13686.51,0.8995,1.2087,6.3674,5.2187,7.761,69.36
2021-05-29,4204.11,13748.74,66.31,34621.64,109.83,110.7711,10166.285,29149.41,19.93,1.4188,13686.51,0.8995,1.2087,6.3674,5.2187,7.761,69.36
2021-05-30,4204.11,13748.74,66.31,35545.27,109.83,110.7711,10166.285,29149.41,19.93,1.4188,13686.51,0.8995,1.2087,6.3674,5.2187,7.761,69.36
2021-05-31,4204.11,13748.74,66.31,37153.71,109.83,110.7711,10166.285,28860.08,19.93,1.4188,13686.51,0.8995,1.2087,6.3674,5.2187,7.761,69.36
2021-06-01,4202.04,13736.48,67.8,36764.58,109.43,110.5179,9631.5,28814.34,19.897,1.4168,13654.59,0.8954,1.2031,6.3796,5.1631,7.7594,70.03
2021-06-02,4208.12,13756.33,68.79,37501.36,109.59,110.5924,9631.5,28946.14,19.895,1.4177,13675.79,0.898,1.2047,6.3805,5.0743,7.7595,70.6
2021-06-03,4192.85,13614.51,68.81,39215.09,110.28,111.1905,9631.5,29058.11,20.065,1.4099,13529.68,0.9051,1.2116,6.4036,5.0777,7.7584,70.71
2021-06-04,4229.89,13814.49,69.57,36895.48,109.42,110.7645,9631.5,28941.52,19.927,1.4175,13770.77,0.899,1.2088,6.3945,5.067,7.7566,71.3
2021-06-05,4229.89,13814.49,69.57,35565.0,109.42,110.7645,9631.5,28941.52,19.927,1.4175,13770.77,0.899,1.2088,6.3945,5.067,7.7566,71.3
2021-06-06,4229.89,13814.49,69.57,35873.42,109.42,110.7645,9631.5,28941.52,19.927,1.4175,13770.77,0.899,1.2088,6.3945,5.067,7.7566,71.3
2021-06-07,4226.52,13881.72,69.21,33816.09,109.25,110.5275,9631.5,29019.24,19.78,1.4179,13802.89,0.8969,1.2062,6.3963,5.019,7.7592,70.89
2021-06-08,4227.26,13924.91,70.11,33432.26,109.47,110.6608,9631.5,28963.56,19.772,1.4146,13810.86,0.8963,1.2101,6.4,5.0383,7.7599,71.39
2021-06-09,4219.55,13911.75,69.9,37357.02,109.61,110.582,9631.5,28860.8,19.686,1.4124,13814.94,0.8958,1.2102,6.3865,5.0651,7.7599,71.31
2021-06-10,4239.18,14020.33,70.34,36717.51,109.49,110.557,9631.5,28958.56,19.675,1.4165,13960.35,0.8951,1.2095,6.3929,5.0672,7.7599,71.65
2021-06-11,4247.44,14069.42,71.0,37282.15,109.75,111.1052,9631.5,28948.73,19.961,1.4114,13998.3,0.8993,1.2162,6.3967,5.1299,7.7604,72.05
2021-06-12,4247.44,14069.42,71.0,35609.66,109.75,111.1052,9631.5,28948.73,19.961,1.4114,13998.3,0.8993,1.2162,6.3967,5.1299,7.7604,72.05
2021-06-13,4247.44,14069.42,71.0,39122.03,109.75,111.1052,9631.5,28948.73,19.961,1.4114,13998.3,0.8993,1.2162,6.3967,5.1299,7.7604,72.05
2021-06-14,4255.15,14174.14,70.94,40496.92,109.98,110.9779,9631.5,29161.8,19.915,1.4116,14128.2,0.8991,1.2131,6.3979,5.0567,7.7621,72.27
2021-06-15,4246.59,14072.86,72.06,40093.93,110.12,111.3634,9631.5,29441.3,20.169,1.4073,14030.41,0.8985,1.2202,6.4052,5.0911,7.7618,73.38
2021-06-16,4223.7,14039.68,72.03,38394.4,109.88,111.1287,9631.5,29291.01,20.044,1.411,13983.01,0.8986,1.2165,6.3969,4.9991,7.7621,73.88
2021-06-17,4221.86,14161.35,71.06,38027.63,110.28,112.5881,9631.5,29018.33,20.468,1.3916,14163.81,0.9173,1.2353,6.4477,5.0244,7.7643,72.92
2021-06-18,4166.45,14030.38,71.64,35777.39,110.21,113.0517,9631.5,28964.08,20.671,1.3817,14049.58,0.9215,1.2437,6.4525,5.0405,7.7627,73.1
2021-06-19,4166.45,14030.38,71.64,35498.24,110.21,113.0517,9631.5,28964.08,20.671,1.3817,14049.58,0.9215,1.2437,6.4525,5.0405,7.7627,73.1
2021-06-20,4166.45,14030.38,71.64,35565.82,110.21,113.0517,9631.5,28964.08,20.671,1.3817,14049.58,0.9215,1.2437,6.4525,5.0405,7.7627,73.1
2021-06-21,4224.79,14141.48,73.64,31686.69,110.22,112.8506,9631.5,28010.93,20.597,1.3915,14137.23,0.9184,1.237,6.4659,5.0306,7.7641,74.49
2021-06-22,4246.44,14253.27,73.15,32508.26,110.75,112.929,9631.5,28884.13,20.583,1.3921,14270.42,0.92,1.2364,6.4811,4.9994,7.7666,74.92
2021-06-23,4241.84,14271.73,73.11,33688.35,110.86,112.3931,9631.5,28874.89,20.26,1.3977,14274.24,0.9169,1.2286,6.4727,4.9518,7.7649,75.22
2021-06-24,4266.49,14369.71,73.31,34695.34,110.91,112.3357,9631.5,28875.23,20.044,1.3907,14365.96,0.9188,1.2337,6.4701,4.9169,7.7628,75.95
2021-06-25,4280.7,14360.39,74.21,31704.87,110.78,111.9742,9631.5,29066.18,19.793,1.3899,14345.18,0.9175,1.2293,6.4545,4.9245,7.7612,76.45
2021-06-26,4280.7,14360.39,74.21,32265.95,110.78,111.9742,9631.5,29066.18,19.793,1.3899,14345.18,0.9175,1.2293,6.4545,4.9245,7.7612,76.45
2021-06-27,4280.7,14360.39,74.21,34596.99,110.78,111.9742,9631.5,29066.18,19.793,1.3899,14345.18,0.9175,1.2293,6.4545,4.9245,7.7612,76.45
2021-06-28,4290.61,14500.51,72.98,34541.8,110.5,112.033,9631.5,29048.02,19.78,1.3895,14524.98,0.9184,1.2325,6.4555,4.9451,7.7623,74.78
2021-06-29,4291.8,14528.33,73.14,35928.75,110.53,112.2692,9631.5,28812.61,19.802,1.3845,14572.75,0.9201,1.2378,6.4635,4.9378,7.764,75.38
2021-06-30,4297.5,14503.95,73.52,34995.83,111.05,112.5613,9631.5,28791.53,19.906,1.3806,14554.8,0.9253,1.2404,6.4566,5.0083,7.7658,76.94
2021-07-01,4319.94,14522.38,75.33,33538.49,111.56,112.7484,9450.82045454546,28707.04,19.987,1.378,14560.05,0.9253,1.2405,6.4679,5.0339,7.7656,76.69
2021-07-02,4352.34,14639.33,75.37,33832.49,111.28,112.5507,9450.82045454546,28783.28,19.844,1.3795,14727.63,0.9224,1.2346,6.4721,5.0431,7.7667,77.51
2021-07-03,4352.34,14639.33,75.37,34633.93,111.28,112.5507,9450.82045454546,28783.28,19.844,1.3795,14727.63,0.9224,1.2346,6.4721,5.0431,7.7667,77.51
2021-07-04,4352.34,14639.33,75.37,35126.9,111.28,112.5507,9450.82045454546,28783.28,19.844,1.3795,14727.63,0.9224,1.2346,6.4721,5.0431,7.7667,77.51
2021-07-05,4352.34,14639.33,75.37,33673.22,111.28,112.5507,9450.82045454546,28598.19,19.844,1.3795,14727.63,0.9224,1.2346,6.4721,5.0431,7.7667,78.34
2021-07-06,4343.54,14663.64,73.62,34193.9,110.66,112.9602,9450.82045454546,28643.21,19.984,1.3792,14786.36,0.9245,1.2466,6.4786,5.1803,7.767,75.81
2021-07-07,4358.13,14665.06,72.22,33791.0,110.62,113.1136,9450.82045454546,28366.95,19.987,1.3792,14810.54,0.9252,1.2506,6.4718,5.2678,7.7672,74.31
2021-07-08,4320.82,14559.78,72.98,32878.23,109.82,113.0863,9450.82045454546,28118.03,19.965,1.3767,14722.14,0.9153,1.2533,6.4898,5.2336,7.768,75.07
2021-07-09,4369.55,14701.92,74.56,33766.87,110.18,112.8468,9450.82045454546,27940.42,19.881,1.3842,14826.09,0.9151,1.2476,6.4788,5.2579,7.7676,77.14
2021-07-10,4369.55,14701.92,74.56,33547.19,110.18,112.8468,9450.82045454546,27940.42,19.881,1.3842,14826.09,0.9151,1.2476,6.4788,5.2579,7.7676,77.14
2021-07-11,4369.55,14701.92,74.56,34236.21,110.18,112.8468,9450.82045454546,27940.42,19.881,1.3842,14826.09,0.9151,1.2476,6.4788,5.2579,7.7676,77.14
2021-07-12,4384.63,14733.24,74.21,33096.86,110.36,112.7701,9450.82045454546,28569.02,19.844,1.3886,14877.89,0.9154,1.2455,6.4751,5.1939,7.7669,76.77
2021-07-13,4369.21,14677.65,75.24,32768.54,110.36,113.0153,9450.82045454546,28718.24,19.991,1.3847,14874.54,0.9164,1.2511,6.4685,5.1544,7.7651,77.5
2021-07-14,4374.3,14644.95,73.06,32817.18,110.03,112.8885,9450.82045454546,28608.49,19.892,1.3854,14900.44,0.9154,1.2521,6.4688,5.0861,7.7673,75.74
2021-07-15,4360.03,14543.13,71.67,31891.09,110.05,113.0122,9450.82045454546,28279.09,19.928,1.3849,14794.69,0.9186,1.2575,6.46,5.118,7.7677,74.53
2021-07-16,4327.16,14427.24,71.76,31408.78,110.13,113.0504,9450.82045454546,28003.08,19.838,1.3785,14681.38,0.9192,1.2586,6.4785,5.0922,7.7676,74.46
2021-07-17,4327.16,14427.24,71.76,31503.78,110.13,113.0504,9450.82045454546,28003.08,19.838,1.3785,14681.38,0.9192,1.2586,6.4785,5.0922,7.7676,74.46
2021-07-18,4327.16,14427.24,71.76,31753.02,110.13,113.0504,9450.82045454546,28003.08,19.838,1.3785,14681.38,0.9192,1.2586,6.4785,5.0922,7.7676,74.46
2021-07-19,4258.49,14274.98,66.45,30849.9,109.45,113.5547,9450.82045454546,27652.74,20.0,1.369,14549.09,0.9179,1.2752,6.4893,5.21,7.7705,69.33
2021-07-20,4323.06,14498.88,67.32,29788.61,109.92,113.7582,9450.82045454546,27388.16,20.147,1.3615,14728.21,0.9218,1.2724,6.4845,5.219,7.7728,70.03
2021-07-21,4358.69,14631.95,70.26,32086.04,110.22,113.4018,9450.82045454546,27548.0,20.153,1.3695,14842.63,0.9179,1.2538,6.4664,5.2313,7.7727,72.54
2021-07-22,4367.48,14684.6,72.15,32327.95,110.1,113.4788,9450.82045454546,27548.0,20.1934,1.375,14940.17,0.9195,1.2578,6.47,5.2071,7.7702,74.25
2021-07-23,4411.79,14836.99,72.24,33700.0,110.52,113.4486,9450.82045454546,27548.0,20.03,1.3749,15111.79,0.9211,1.258,6.4808,5.1766,7.7697,74.86
2021-07-24,4411.79,14836.99,72.24,34275.43,110.52,113.4486,9450.82045454546,27548.0,20.03,1.3749,15111.79,0.9211,1.258,6.4808,5.1766,7.7697,74.86
2021-07-25,4411.79,14836.99,72.24,35368.57,110.52,113.4486,9450.82045454546,27548.0,20.03,1.3749,15111.79,0.9211,1.258,6.4808,5.1766,7.7697,74.86
2021-07-26,4422.3,14840.71,72.15,37269.12,110.31,113.2335,9450.82045454546,27833.29,20.01,1.3829,15125.95,0.9157,1.254,6.4825,5.172,7.7785,74.79
2021-07-27,4401.46,14660.58,71.68,39381.82,109.64,113.2321,9450.82045454546,27970.22,19.975,1.3884,14956.97,0.9135,1.2579,6.5104,5.1603,7.7837,74.87
2021-07-28,4400.64,14762.58,72.37,40031.56,110.06,113.1899,9450.82045454546,27581.66,19.941,1.3884,15018.1,0.9134,1.2563,6.4905,5.1547,7.78,75.09
2021-07-29,4419.15,14778.26,73.62,40024.94,109.53,112.4927,9450.82045454546,27782.42,19.859,1.3966,15048.36,0.9062,1.2439,6.4562,5.0497,7.7729,76.3
2021-07-30,4395.26,14672.68,73.93,42188.95,109.7,112.6808,9450.82045454546,27283.59,19.846,1.3913,14959.9,0.9061,1.2466,6.4609,5.1411,7.7723,77.72
2021-07-31,4395.26,14672.68,73.93,41472.42,109.7,112.6808,9450.82045454546,27283.59,19.846,1.3913,14959.9,0.9061,1.2466,6.4609,5.1411,7.7723,77.72
2021-08-01,4395.26,14672.68,73.93,39816.76,109.7,112.6808,9370.13857142857,27283.59,19.846,1.3913,14959.9,0.9061,1.2466,6.4609,5.1411,7.7723,77.72
2021-08-02,4387.16,14681.07,71.31,39146.69,109.22,112.6784,9370.13857142857,27781.02,19.856,1.3886,14963.62,0.9051,1.2501,6.462,5.1251,7.7735,73.91
2021-08-03,4423.15,14761.29,70.64,38207.27,109.09,112.8331,9370.13857142857,27641.83,19.896,1.3905,15061.42,0.9047,1.255,6.47,5.2362,7.7776,73.24
2021-08-04,4402.66,14780.53,68.19,39730.0,109.44,112.906,9370.13857142857,27584.08,19.969,1.3912,15083.39,0.9061,1.2551,6.4655,5.2362,7.7751,70.99
2021-08-05,4429.1,14895.12,69.1,40893.75,109.75,112.778,9370.13857142857,27728.12,19.9252,1.3929,15181.64,0.907,1.2487,6.4608,5.175,7.7774,72.14
2021-08-06,4436.52,14835.76,68.26,42827.76,110.22,113.3192,9370.13857142857,27820.04,20.018,1.3873,15109.36,0.9142,1.2563,6.4825,5.2236,7.7783,71.02
2021-08-07,4436.52,14835.76,68.26,44488.87,110.22,113.3192,9370.13857142857,27820.04,20.018,1.3873,15109.36,0.9142,1.2563,6.4825,5.2236,7.7783,71.02
2021-08-08,4436.52,14835.76,68.26,43933.26,110.22,113.3192,9370.13857142857,27820.04,20.018,1.3873,15109.36,0.9142,1.2563,6.4825,5.2236,7.7783,71.02
2021-08-09,4432.35,14860.18,66.56,46208.5,110.25,113.4625,9370.13857142857,27820.04,20.067,1.3852,15133.11,0.9191,1.2571,6.4857,5.2861,7.7808,69.65
2021-08-10,4436.75,14788.09,68.33,45565.76,110.54,113.5072,9370.13857142857,27888.15,20.086,1.384,15053.58,0.9226,1.2531,6.4852,5.1931,7.7814,71.14
2021-08-11,4447.7,14765.14,69.3,45482.95,110.47,113.2917,9370.13857142857,28070.51,19.956,1.3866,15027.76,0.9215,1.2513,6.4783,5.203,7.7788,71.99
2021-08-12,4460.83,14816.26,69.12,44454.37,110.36,113.278,9370.13857142857,28015.02,19.891,1.3833,15088.98,0.923,1.2518,6.4782,5.2352,7.7814,71.79
2021-08-13,4468.0,14822.9,68.36,47765.41,109.75,113.0708,9370.13857142857,27977.15,19.862,1.3857,15136.68,0.9162,1.2512,6.4768,5.2345,7.7827,70.9
2021-08-14,4468.0,14822.9,68.36,47134.61,109.75,113.0708,9370.13857142857,27977.15,19.862,1.3857,15136.68,0.9162,1.2512,6.4768,5.2345,7.7827,70.9
2021-08-15,4468.0,14822.9,68.36,47090.0,109.75,113.0708,9370.13857142857,27977.15,19.862,1.3857,15136.68,0.9162,1.2512,6.4768,5.2345,7.7827,70.9
2021-08-16,4479.71,14793.76,67.44,45930.71,109.26,113.179,9370.13857142857,27523.19,19.885,1.3849,15140.77,0.9123,1.257,6.4742,5.2466,7.7838,70.07
2021-08-17,4448.08,14656.18,66.5,44718.51,109.59,113.6263,9370.13857142857,27424.47,19.983,1.3739,15002.83,0.9144,1.2622,6.4854,5.2538,7.7915,69.4
2021-08-18,4400.27,14525.91,65.36,44735.2,109.92,113.705,9370.13857142857,27585.91,20.011,1.3749,14857.92,0.9179,1.2638,6.4841,5.3421,7.7867,68.61
2021-08-19,4405.8,14541.79,63.69,46736.74,109.75,114.1195,9370.13857142857,27281.17,20.111,1.3673,14933.94,0.9173,1.279,6.4942,5.4027,7.79,66.8
2021-08-20,4441.67,14714.66,62.25,49350.99,109.77,114.5108,9370.13857142857,27013.25,20.425,1.3625,15092.57,0.9176,1.2853,6.5012,5.399,7.7897,65.51
2021-08-21,4441.67,14714.66,62.25,48896.95,109.77,114.5108,9370.13857142857,27013.25,20.425,1.3625,15092.57,0.9176,1.2853,6.5012,5.399,7.7897,65.51
2021-08-22,4441.67,14714.66,62.25,49328.47,109.77,114.5108,9370.13857142857,27013.25,20.425,1.3625,15092.57,0.9176,1.2853,6.5012,5.399,7.7897,65.51
2021-08-23,4479.53,14942.65,65.65,49464.66,109.78,113.9526,9370.13857142857,27494.24,20.364,1.3717,15312.82,0.9137,1.2666,6.4805,5.384,7.7925,69.07
2021-08-24,4486.23,15019.8,67.5,47770.4,109.68,113.6899,9370.13857142857,27732.1,20.318,1.3716,15357.68,0.913,1.2615,6.471,5.2771,7.7882,71.21
2021-08-25,4496.19,15041.86,68.54,48985.05,110.03,113.6424,9370.13857142857,27724.8,20.266,1.3723,15368.92,0.9137,1.2624,6.4756,5.247,7.7855,72.12
2021-08-26,4470.0,14945.81,67.42,46770.6,110.09,113.7986,9370.13857142857,27742.29,20.357,1.3712,15278.52,0.9174,1.2654,6.4809,5.2428,7.7869,70.42
2021-08-27,4509.37,15129.5,68.84,49082.04,109.84,113.3511,9370.13857142857,27641.14,20.202,1.3769,15432.95,0.9122,1.2613,6.4711,5.1956,7.7875,72.26
2021-08-28,4509.37,15129.5,68.84,48963.41,109.84,113.3511,9370.13857142857,27641.14,20.202,1.3769,15432.95,0.9122,1.2613,6.4711,5.1956,7.7875,72.26
2021-08-29,4509.37,15129.5,68.84,48770.78,109.84,113.3511,9370.13857142857,27641.14,20.202,1.3769,15432.95,0.9122,1.2613,6.4711,5.1956,7.7875,72.26
2021-08-30,4528.79,15265.89,69.28,46924.16,109.91,113.256,9370.13857142857,27789.29,20.127,1.3758,15605.09,0.9172,1.2606,6.4658,5.1921,7.7869,72.26
2021-08-31,4522.68,15259.24,68.43,47065.73,110.05,113.1175,9370.13857142857,28089.54,20.074,1.3747,15582.51,0.9161,1.2629,6.4604,5.1405,7.7779,73.45
2021-09-01,4524.09,15309.38,68.63,48889.19,110.03,112.8832,9324.70954545455,28451.02,19.964,1.379,15611.57,0.9145,1.2615,6.4586,5.1809,7.7764,71.99
2021-09-02,4536.95,15331.18,70.07,49273.33,110.01,112.7966,9324.70954545455,28543.51,19.967,1.3825,15604.25,0.9159,1.2559,6.456,5.164,7.7708,73.56
2021-09-03,4535.43,15363.52,69.34,49919.31,109.64,112.558,9324.70954545455,29128.11,19.889,1.3862,15652.86,0.9136,1.2524,6.4528,5.1692,7.7711,73.07
2021-09-04,4535.43,15363.52,69.34,49949.07,109.64,112.558,9324.70954545455,29128.11,19.889,1.3862,15652.86,0.9136,1.2524,6.4528,5.1692,7.7711,73.07
2021-09-05,4535.43,15363.52,69.34,51782.76,109.64,112.558,9324.70954545455,29128.11,19.889,1.3862,15652.86,0.9136,1.2524,6.4528,5.1692,7.7711,73.07
2021-09-06,4535.43,15363.52,69.34,52691.2,109.64,112.558,9324.70954545455,29659.89,19.889,1.3862,15652.86,0.9136,1.2524,6.4528,5.1692,7.7711,72.43
2021-09-07,4520.03,15374.33,68.49,46943.82,110.17,112.9892,9324.70954545455,29916.14,19.944,1.3792,15675.76,0.9179,1.2622,6.4662,5.1692,7.7751,71.52
2021-09-08,4514.07,15286.64,69.36,46022.48,110.32,113.2414,9324.70954545455,30181.21,19.937,1.3761,15620.85,0.9219,1.2681,6.4612,5.2843,7.7755,72.36
2021-09-09,4493.28,15248.25,68.26,46414.58,109.76,113.053,9324.70954545455,30008.19,19.93,1.3855,15561.05,0.9173,1.2648,6.4547,5.2764,7.7775,71.32
2021-09-10,4458.58,15115.49,69.82,44897.75,109.93,112.9519,9324.70954545455,30381.84,19.864,1.3847,15440.75,0.918,1.2636,6.444,5.2169,7.7786,72.44
2021-09-11,4458.58,15115.49,69.82,45127.48,109.93,112.9519,9324.70954545455,30381.84,19.864,1.3847,15440.75,0.918,1.2636,6.444,5.2169,7.7786,72.44
2021-09-12,4458.58,15115.49,69.82,46010.13,109.93,112.9519,9324.70954545455,30381.84,19.864,1.3847,15440.75,0.918,1.2636,6.444,5.2169,7.7786,72.44
2021-09-13,4468.73,15105.58,70.54,44969.02,109.94,113.0432,9324.70954545455,30447.37,19.868,1.3844,15434.5,0.9213,1.2643,6.4511,5.2073,7.7792,72.97
2021-09-14,4443.05,15037.76,70.53,47096.48,109.66,113.0151,9324.70954545455,30670.1,19.898,1.3848,15382.9,0.9193,1.2663,6.4382,5.2235,7.7782,73.05
2021-09-15,4480.7,15161.53,72.59,48106.71,109.4,112.9862,9324.70954545455,30511.71,19.898,1.3837,15503.53,0.9196,1.2653,6.432,5.255,7.7824,74.84
2021-09-16,4473.75,15181.92,72.69,47772.7,109.67,113.3122,9324.70954545455,30323.34,19.937,1.3785,15515.91,0.9251,1.2679,6.4566,5.2535,7.7834,75.14
2021-09-17,4432.99,15043.97,72.09,47337.8,109.94,113.6074,9324.70954545455,30500.05,19.9841,1.3755,15333.47,0.9308,1.2738,6.4655,5.295,7.781,74.64
2021-09-18,4432.99,15043.97,72.09,48300.04,109.94,113.6074,9324.70954545455,30500.05,19.9841,1.3755,15333.47,0.9308,1.2738,6.4655,5.295,7.781,74.64
2021-09-19,4432.99,15043.97,72.09,47270.75,109.94,113.6074,9324.70954545455,30500.05,19.9841,1.3755,15333.47,0.9308,1.2738,6.4655,5.295,7.781,74.64
2021-09-20,4357.73,14713.9,70.41,42991.14,109.47,113.9511,9324.70954545455,30500.05,20.161,1.3656,15012.19,0.9277,1.2818,6.4651,5.3266,7.7867,73.59
2021-09-21,4354.19,14746.4,70.51,40656.13,109.33,113.8266,9324.70954545455,29839.71,20.117,1.3663,15027.77,0.9235,1.2789,6.4651,5.2895,7.7877,73.65
2021-09-22,4395.64,14896.85,72.37,43544.09,109.59,113.631,9324.70954545455,29639.4,20.013,1.3669,15176.51,0.9223,1.2733,6.4611,5.2715,7.7862,75.5
2021-09-23,4448.98,15052.24,73.43,44892.71,110.17,113.5224,9324.70954545455,29639.4,20.025,1.3745,15316.58,0.9243,1.2662,6.459,5.2917,7.7843,76.44
2021-09-24,4455.48,15047.7,74.18,42816.65,110.72,113.7694,9324.70954545455,30248.81,20.094,1.3681,15329.68,0.9246,1.2672,6.466,5.3404,7.7851,77.42
2021-09-25,4455.48,15047.7,74.18,42682.26,110.72,113.7694,9324.70954545455,30248.81,20.094,1.3681,15329.68,0.9246,1.2672,6.466,5.3404,7.7851,77.42
2021-09-26,4455.48,15047.7,74.18,43142.04,110.72,113.7694,9324.70954545455,30248.81,20.094,1.3681,15329.68,0.9246,1.2672,6.466,5.3404,7.7851,77.42
2021-09-27,4443.11,14969.97,75.54,42214.52,110.97,113.7532,9324.70954545455,30240.06,20.0935,1.3712,15204.82,0.9256,1.2643,6.456,5.3571,7.7831,78.85
2021-09-28,4352.63,14546.68,75.44,41006.19,111.33,114.2571,9324.70954545455,30183.96,20.331,1.3537,14770.3,0.9282,1.2692,6.4595,5.4279,7.7835,78.3
2021-09-29,4359.46,14512.44,75.06,41522.49,111.83,114.7191,9324.70954545455,29544.29,20.491,1.3439,14752.89,0.9335,1.275,6.4702,5.4062,7.7845,77.86
2021-09-30,4307.54,14448.58,75.22,43834.03,111.5,114.6504,9324.70954545455,29452.66,20.562,1.347,14689.62,0.9339,1.2673,6.4434,5.4528,7.785,77.81
2021-10-01,4357.04,14566.7,76.01,48145.34,110.97,114.3899,9829.21904761905,28771.07,20.491,1.3572,14791.87,0.9297,1.2657,6.4434,5.3674,7.7848,79.4
2021-10-02,4357.04,14566.7,76.01,47692.85,110.97,114.3899,9829.21904761905,28771.07,20.491,1.3572,14791.87,0.9297,1.2657,6.4434,5.3674,7.7848,79.4
2021-10-03,4357.04,14566.7,76.01,48179.83,110.97,114.3899,9829.21904761905,28771.07,20.491,1.3572,14791.87,0.9297,1.2657,6.4434,5.3674,7.7848,79.4
2021-10-04,4300.46,14255.48,77.68,49248.68,110.94,114.2847,9829.21904761905,28444.89,20.534,1.3602,14472.12,0.9248,1.2571,6.4434,5.4333,7.7871,81.44
2021-10-05,4345.72,14433.83,79.17,51441.74,111.39,114.3767,9829.21904761905,27822.12,20.562,1.364,14674.15,0.9271,1.2562,6.4434,5.4633,7.7845,82.72
2021-10-06,4363.55,14501.91,77.66,55278.64,111.33,114.7292,9829.21904761905,27528.87,20.646,1.3569,14766.75,0.9279,1.2612,6.4434,5.513,7.7859,81.39
2021-10-07,4399.76,14654.02,78.46,53844.74,111.5,114.5156,9829.21904761905,27678.21,20.593,1.3634,14897.13,0.928,1.2546,6.4434,5.5073,7.7842,82.34
2021-10-08,4391.34,14579.54,79.55,53983.21,112.15,114.6108,9829.21904761905,28048.94,20.746,1.363,14820.75,0.9272,1.2477,6.4435,5.5178,7.7837,82.17
2021-10-09,4391.34,14579.54,79.55,54951.3,112.15,114.6108,9829.21904761905,28048.94,20.746,1.363,14820.75,0.9272,1.2477,6.4435,5.5178,7.7837,82.17
2021-10-10,4391.34,14579.54,79.55,54655.3,112.15,114.6108,9829.21904761905,28048.94,20.746,1.363,14820.75,0.9272,1.2477,6.4435,5.5178,7.7837,82.17
2021-10-11,4361.19,14486.2,80.64,57440.05,112.15,114.6108,9829.21904761905,28498.2,20.746,1.363,14713.73,0.9272,1.2477,6.4435,5.5178,7.7837,83.75
2021-10-12,4350.65,14465.92,80.75,56019.29,113.69,114.7667,9829.21904761905,28230.61,20.768,1.3605,14662.11,0.9302,1.2439,6.4485,5.532,7.7812,83.53
2021-10-13,4363.8,14571.64,80.67,57372.59,113.49,114.4827,9829.21904761905,28140.28,20.648,1.3645,14774.6,0.926,1.2448,6.4262,5.5525,7.7794,83.53
2021-10-14,4438.26,14823.43,81.43,57327.09,113.59,114.2181,9829.21904761905,28550.93,20.592,1.3684,15052.42,0.9232,1.2362,6.438,5.5048,7.778,83.86
2021-10-15,4471.37,14897.34,82.39,61682.48,114.31,114.1033,9829.21904761905,29068.63,20.452,1.3756,15146.92,0.9241,1.2387,6.434,5.4457,7.7785,84.67
2021-10-16,4471.37,14897.34,82.39,60880.85,114.31,114.1033,9829.21904761905,29068.63,20.452,1.3756,15146.92,0.9241,1.2387,6.434,5.4457,7.7785,84.67
2021-10-17,4471.37,14897.34,82.39,61541.01,114.31,114.1033,9829.21904761905,29068.63,20.452,1.3756,15146.92,0.9241,1.2387,6.434,5.4457,7.7785,84.67
2021-10-18,4486.46,15021.81,82.62,62036.95,114.22,114.0022,9829.21904761905,29025.46,20.316,1.3726,15300.89,0.9232,1.2362,6.429,5.5211,7.7789,84.13
2021-10-19,4519.63,15129.09,83.19,64353.53,114.27,113.6595,9829.21904761905,29215.52,20.267,1.3807,15410.72,0.9227,1.2354,6.3822,5.5525,7.7756,85.02
2021-10-20,4536.19,15121.68,84.4,66005.17,114.24,113.521,9829.21904761905,29255.55,20.169,1.3821,15388.71,0.9197,1.2328,6.3936,5.5476,7.7744,85.76
2021-10-21,4549.78,15215.7,82.64,62152.09,113.75,113.6322,9829.21904761905,28708.58,20.269,1.3812,15489.59,0.9173,1.2339,6.3925,5.6455,7.7746,84.58
2021-10-22,4544.9,15090.2,84.53,60671.75,113.54,113.6828,9829.21904761905,28804.85,20.212,1.3741,15355.07,0.9164,1.2385,6.3839,5.7223,7.7725,85.43
2021-10-23,4544.9,15090.2,84.53,61308.09,113.54,113.6828,9829.21904761905,28804.85,20.212,1.3741,15355.07,0.9164,1.2385,6.3839,5.7223,7.7725,85.43
2021-10-24,4544.9,15090.2,84.53,60889.41,113.54,113.6828,9829.21904761905,28804.85,20.212,1.3741,15355.07,0.9164,1.2385,6.3839,5.7223,7.7725,85.43
2021-10-25,4566.48,15226.71,84.64,63102.83,113.7,113.6172,9829.21904761905,28600.41,20.211,1.3773,15514.19,0.9193,1.2373,6.3856,5.6009,7.7732,84.85
2021-10-26,4574.79,15235.71,85.64,60341.21,114.19,113.6863,9829.21904761905,29106.01,20.219,1.3772,15559.49,0.9204,1.2388,6.382,5.5833,7.7755,85.11
2021-10-27,4551.68,15235.84,82.66,58517.61,113.75,113.6342,9829.21904761905,29098.24,20.22,1.3739,15598.39,0.9183,1.2337,6.3915,5.5812,7.7771,84.12
2021-10-28,4596.42,15448.12,82.78,60577.62,113.38,113.453,9829.21904761905,28820.09,20.332,1.3804,15778.16,0.9123,1.2348,6.3917,5.612,7.7774,83.4
2021-10-29,4605.38,15498.39,83.5,62316.4,114.03,114.149,9829.21904761905,28892.69,20.551,1.3686,15850.47,0.9165,1.2397,6.405,5.6291,7.779,83.1
2021-10-30,4605.38,15498.39,83.5,62062.88,114.03,114.149,9829.21904761905,28892.69,20.551,1.3686,15850.47,0.9165,1.2397,6.405,5.6291,7.779,83.1
2021-10-31,4605.38,15498.39,83.5,61333.45,114.03,114.149,9829.21904761905,28892.69,20.551,1.3686,15850.47,0.9165,1.2397,6.405,5.6291,7.779,83.1
2021-11-01,4613.67,15595.92,84.08,60950.0,114.19,114.2231,9728.90454545454,29647.08,20.851,1.3679,15905.28,0.9105,1.2355,6.3972,5.6795,7.7827,84.51
2021-11-02,4630.65,15649.6,83.91,63357.2,113.78,114.2997,9728.90454545454,29520.9,20.75,1.3612,15972.49,0.9145,1.242,6.3995,5.6795,7.7819,84.42
2021-11-03,4660.57,15811.58,80.82,62944.4,114.06,114.3754,9728.90454545454,29520.9,20.827,1.3659,16144.5,0.9121,1.2416,6.4061,5.6188,7.7842,81.1
2021-11-04,4680.06,15940.31,78.88,61499.24,113.63,114.37,9728.90454545454,29794.37,20.629,1.3494,16346.24,0.9127,1.2462,6.397,5.5877,7.7823,80.15
2021-11-05,4697.53,15971.59,81.25,61000.01,113.45,114.0865,9728.90454545454,29611.57,20.425,1.3491,16359.38,0.9133,1.2439,6.3961,5.5335,7.7832,82.43
2021-11-06,4697.53,15971.59,81.25,61539.3,113.45,114.0865,9728.90454545454,29611.57,20.425,1.3491,16359.38,0.9133,1.2439,6.3961,5.5335,7.7832,82.43
2021-11-07,4697.53,15971.59,81.25,63433.66,113.45,114.0865,9728.90454545454,29611.57,20.425,1.3491,16359.38,0.9133,1.2439,6.3961,5.5335,7.7832,82.43
2021-11-08,4701.7,15982.36,81.96,67510.06,113.15,113.8391,9728.90454545454,29507.05,20.336,1.3563,16336.03,0.9132,1.2441,6.3902,5.5455,7.7885,83.22
2021-11-09,4685.25,15886.54,84.12,66967.98,112.87,113.7746,9728.90454545454,29285.46,20.28,1.3551,16219.94,0.9118,1.2457,6.3916,5.502,7.7899,84.52
2021-11-10,4646.71,15622.71,81.23,64896.86,113.89,114.1611,9728.90454545454,29106.78,20.468,1.347,15985.57,0.9164,1.2447,6.3882,5.4709,7.7892,82.91
2021-11-11,4649.27,15704.28,81.47,64793.69,113.89,114.1611,9728.90454545454,29277.86,20.468,1.347,16032.47,0.9164,1.2447,6.3882,5.4709,7.7892,83.4
2021-11-12,4682.85,15860.96,80.87,64158.51,113.9,114.5263,9728.90454545454,29609.97,20.519,1.3412,16199.89,0.9211,1.2558,6.3787,5.4341,7.7921,82.9
2021-11-13,4682.85,15860.96,80.87,64482.54,113.9,114.5263,9728.90454545454,29609.97,20.519,1.3412,16199.89,0.9211,1.2558,6.3787,5.4341,7.7921,82.9
2021-11-14,4682.85,15860.96,80.87,65714.05,113.9,114.5263,9728.90454545454,29609.97,20.519,1.3412,16199.89,0.9211,1.2558,6.3787,5.4341,7.7921,82.9
2021-11-15,4682.8,15853.85,80.85,63441.68,113.96,114.6003,9728.90454545454,29776.8,20.627,1.3444,16189.12,0.9217,1.2515,6.3824,5.4575,7.7889,81.94
2021-11-16,4700.9,15973.86,80.76,60147.32,114.62,115.149,9728.90454545454,29808.12,20.823,1.3429,16309.77,0.9298,1.2562,6.3919,5.498,7.787,82.85
2021-11-17,4688.67,15921.57,78.32,60314.28,114.33,115.039,9728.90454545454,29688.33,20.691,1.3488,16308.07,0.9286,1.2594,6.3775,5.5082,7.788,80.67
2021-11-18,4704.54,15993.71,78.92,57017.38,114.22,115.0811,9728.90454545454,29598.66,20.727,1.3489,16482.97,0.926,1.2629,6.3851,5.5485,7.7883,82.45
2021-11-19,4697.96,16057.44,76.11,58187.85,113.81,115.2318,9728.90454545454,29745.87,20.799,1.3474,16573.34,0.9262,1.2631,6.3863,5.5728,7.7915,80.24
2021-11-20,4697.96,16057.44,76.11,59771.71,113.81,115.2318,9728.90454545454,29745.87,20.799,1.3474,16573.34,0.9262,1.2631,6.3863,5.5728,7.7915,80.24
2021-11-21,4697.96,16057.44,76.11,58742.9,113.81,115.2318,9728.90454545454,29745.87,20.799,1.3474,16573.34,0.9262,1.2631,6.3863,5.5728,7.7915,80.24
2021-11-22,4682.94,15854.76,76.74,56254.57,114.69,115.6615,9728.90454545454,29774.11,20.972,1.3412,16380.98,0.93,1.2684,6.3842,5.586,7.7884,80.97
2021-11-23,4690.7,15775.14,78.32,57599.99,114.98,116.026,9728.90454545454,29774.11,21.239,1.3388,16306.72,0.9325,1.2712,6.391,5.6485,7.7934,83.43
2021-11-24,4701.46,15845.23,78.32,57255.24,115.34,116.2855,9728.90454545454,29302.66,21.397,1.3332,16367.81,0.9354,1.2657,6.3917,5.5937,7.7982,82.37
2021-11-25,4701.46,15845.23,78.32,59022.44,115.34,116.2855,9728.90454545454,29499.28,21.397,1.3332,16367.81,0.9354,1.2657,6.3917,5.5937,7.7982,82.05
2021-11-26,4594.62,15491.66,78.32,53839.39,113.46,116.5259,9728.90454545454,28751.62,21.853,1.3322,16025.58,0.9234,1.2756,6.3924,5.5903,7.7992,72.37
2021-11-27,4594.62,15491.66,78.32,54665.93,113.46,116.5259,9728.90454545454,28751.62,21.853,1.3322,16025.58,0.9234,1.2756,6.3924,5.5903,7.7992,72.37
2021-11-28,4594.62,15491.66,78.32,57471.87,113.46,116.5259,9728.90454545454,28751.62,21.853,1.3322,16025.58,0.9234,1.2756,6.3924,5.5903,7.7992,72.37
2021-11-29,4655.27,15782.83,69.88,57828.33,113.75,116.596,9728.90454545454,28283.92,21.73,1.3291,16399.24,0.925,1.2792,6.3875,5.6233,7.7993,73.34
2021-11-30,4567.0,15537.69,66.14,56879.47,113.22,116.2206,9728.90454545454,27821.76,21.453,1.3252,16135.92,0.9217,1.2812,6.364,5.6569,7.7967,70.86
2021-12-01,4513.04,15254.05,65.44,57228.47,112.82,115.9026,9551.18,27935.62,21.305,1.3308,15877.72,0.9195,1.2778,6.3641,5.6355,7.7914,69.53
2021-12-02,4577.1,15381.32,66.6,56566.29,113.1,116.0313,9551.18,27753.37,21.309,1.3305,15990.76,0.9205,1.2814,6.3763,5.6272,7.7934,70.56
2021-12-03,4538.43,15085.47,66.39,53681.96,112.88,116.2511,9551.18,28029.57,21.439,1.3234,15712.04,0.9185,1.2833,6.3758,5.6773,7.7943,70.71
2021-12-04,4538.43,15085.47,66.39,49335.0,112.88,116.2511,9551.18,28029.57,21.439,1.3234,15712.04,0.9185,1.2833,6.3758,5.6773,7.7943,70.71
2021-12-05,4538.43,15085.47,66.39,49511.76,112.88,116.2511,9551.18,28029.57,21.439,1.3234,15712.04,0.9185,1.2833,6.3758,5.6773,7.7943,70.71
2021-12-06,4591.67,15225.15,69.62,50588.91,113.31,116.1663,9551.18,27927.37,21.222,1.3252,15846.16,0.9256,1.2785,6.3756,5.682,7.8001,73.38
2021-12-07,4686.75,15686.92,71.94,50676.09,113.61,115.8676,9551.18,28455.6,21.047,1.3236,16325.66,0.9264,1.2651,6.3657,5.6294,7.7968,75.54
2021-12-08,4701.21,15786.99,72.43,50531.51,113.83,115.4541,9551.18,28860.62,20.959,1.3236,16394.34,0.9217,1.2653,6.3435,5.5395,7.7966,75.94
2021-12-09,4667.45,15517.37,70.87,47639.07,113.53,115.7904,9551.18,28725.47,21.012,1.3188,16149.57,0.926,1.2698,6.3772,5.5838,7.7966,74.1
2021-12-10,4712.02,15630.6,71.71,47268.48,113.36,115.5852,9551.18,28437.77,20.873,1.3262,16331.98,0.9205,1.2706,6.3685,5.5991,7.7988,74.98
2021-12-11,4712.02,15630.6,71.71,49432.46,113.36,115.5852,9551.18,28437.77,20.873,1.3262,16331.98,0.9205,1.2706,6.3685,5.5991,7.7988,74.98
2021-12-12,4712.02,15630.6,71.71,50065.39,113.36,115.5852,9551.18,28437.77,20.873,1.3262,16331.98,0.9205,1.2706,6.3685,5.5991,7.7988,74.98
2021-12-13,4668.97,15413.28,71.19,46639.86,113.42,115.8538,9551.18,28640.49,20.954,1.3233,16082.55,0.9212,1.2795,6.3659,5.6598,7.8027,74.12
2021-12-14,4634.09,15237.64,70.57,48343.16,113.63,116.252,9551.18,28432.64,21.198,1.3225,15914.9,0.9236,1.2858,6.3671,5.6713,7.802,73.37
2021-12-15,4709.85,15565.58,70.89,48885.97,113.83,116.4342,9551.18,28459.72,21.23,1.3214,16289.59,0.9258,1.2916,6.3673,5.7099,7.8018,73.71
2021-12-16,4668.67,15180.43,72.34,47605.48,113.67,115.7267,9551.18,29066.32,20.872,1.3325,15863.94,0.9215,1.2772,6.3674,5.6652,7.8034,74.64
2021-12-17,4620.64,15169.68,70.93,46240.15,113.56,115.8022,9551.18,28545.68,20.731,1.3269,15801.46,0.9226,1.283,6.3748,5.6754,7.8017,72.97
2021-12-18,4620.64,15169.68,70.93,46813.13,113.56,115.8022,9551.18,28545.68,20.731,1.3269,15801.46,0.9226,1.283,6.3748,5.6754,7.8017,72.97
2021-12-19,4620.64,15169.68,70.93,46683.77,113.56,115.8022,9551.18,28545.68,20.731,1.3269,15801.46,0.9226,1.283,6.3748,5.6754,7.8017,72.97
2021-12-20,4568.02,14980.94,68.69,46963.71,113.45,116.0206,9551.18,27937.81,20.738,1.3222,15627.64,0.92,1.2941,6.3756,5.722,7.8015,70.51
2021-12-21,4649.23,15341.09,71.1,48954.47,114.11,116.1208,9551.18,28517.59,20.806,1.3253,15986.28,0.9242,1.2927,6.3716,5.7475,7.8016,72.85
2021-12-22,4696.56,15521.89,72.82,48646.94,114.22,115.7612,9551.18,28562.21,20.749,1.3345,16180.14,0.9201,1.2844,6.3695,5.7017,7.8007,74.69
2021-12-23,4725.79,15653.37,73.89,50840.46,114.42,115.5469,9551.18,28798.37,20.648,1.341,16308.21,0.9186,1.2809,6.3696,5.6821,7.8004,76.26
2021-12-24,4725.79,15653.37,73.89,50815.7,114.42,115.5469,9551.18,28782.59,20.648,1.341,16308.21,0.9186,1.2809,6.3696,5.6821,7.8004,75.24
2021-12-25,4725.79,15653.37,73.89,50395.07,114.42,115.5469,9551.18,28782.59,20.648,1.341,16308.21,0.9186,1.2809,6.3696,5.6821,7.8004,75.24
2021-12-26,4725.79,15653.37,73.89,50841.73,114.42,115.5469,9551.18,28782.59,20.648,1.341,16308.21,0.9186,1.2809,6.3696,5.6821,7.8004,75.24
2021-12-27,4791.19,15871.26,75.49,50663.26,114.85,115.4821,9551.18,28676.46,20.676,1.3438,16567.5,0.9175,1.2797,6.3705,5.6401,7.8,75.24
2021-12-28,4786.35,15781.72,76.01,47594.55,114.75,115.4327,9551.18,29069.16,20.581,1.3432,16488.66,0.9167,1.2814,6.3684,5.6372,7.799,75.24
2021-12-29,4793.06,15766.22,76.58,46518.8,114.97,115.3819,9551.18,28906.88,20.583,1.3475,16491.01,0.9149,1.281,6.368,5.6915,7.7968,78.63
2021-12-30,4778.73,15741.56,76.83,47097.85,115.17,115.2969,9551.18,28791.71,20.514,1.35,16429.1,0.9146,1.2777,6.3726,5.5749,7.7996,78.61
2021-12-31,4766.18,15644.97,75.33,46244.63,115.17,115.2969,9551.18,28791.71,20.514,1.35,16320.08,0.9146,1.2777,6.3726,5.5749,7.7996,77.24
2022-01-01,4766.18,15644.97,75.33,47748.83,115.17,115.2969,9782.3375,28791.71,20.514,1.35,16320.08,0.9146,1.2777,6.3726,5.5749,7.7996,77.24
2022-01-02,4766.18,15644.97,75.33,47258.52,115.17,115.2969,9782.3375,28791.71,20.514,1.35,16320.08,0.9146,1.2777,6.3726,5.5749,7.7996,77.24
2022-01-03,4796.56,15832.8,75.99,46519.76,115.27,115.4243,9782.3375,28791.71,20.57,1.3469,16501.77,0.9188,1.2757,6.355,5.6597,7.7966,78.25
2022-01-04,4793.54,15622.72,77.0,45889.4,116.12,115.3263,9782.3375,29301.79,20.501,1.3544,16279.73,0.9154,1.2697,6.3721,5.677,7.7941,79.39
2022-01-05,4700.58,15100.17,77.83,43422.85,115.91,115.1524,9782.3375,29332.16,20.439,1.3573,15771.78,0.9161,1.27,6.364,5.6876,7.7958,80.6
2022-01-06,4696.05,15080.86,79.47,43133.33,115.78,115.4189,9782.3375,28487.87,20.435,1.3539,15765.36,0.9196,1.2725,6.3822,5.7027,7.8001,81.99
2022-01-07,4677.03,14935.9,79.0,41656.16,115.61,115.0596,9782.3375,28478.56,20.397,1.3583,15592.19,0.9191,1.2643,6.3769,5.6253,7.7984,82.28
2022-01-08,4677.03,14935.9,79.0,41667.48,115.61,115.0596,9782.3375,28478.56,20.397,1.3583,15592.19,0.9191,1.2643,6.3769,5.6253,7.7984,82.28
2022-01-09,4677.03,14935.9,79.0,41838.78,115.61,115.0596,9782.3375,28478.56,20.397,1.3583,15592.19,0.9191,1.2643,6.3769,5.6253,7.7984,82.28
2022-01-10,4670.29,14942.83,78.11,41872.47,115.14,115.235,9782.3375,28478.56,20.455,1.3567,15614.43,0.9252,1.2679,6.3756,5.6788,7.7952,81.56
2022-01-11,4713.07,15153.45,81.17,42771.24,115.38,114.8467,9782.3375,28222.48,20.353,1.3622,15844.12,0.9237,1.2598,6.3735,5.598,7.796,84.98
2022-01-12,4726.35,15188.39,82.51,43884.25,114.74,114.3713,9782.3375,28765.66,20.367,1.3698,15905.1,0.9134,1.2501,6.358,5.5541,7.7922,85.83
2022-01-13,4659.03,14806.81,81.97,42617.64,114.06,114.1934,9782.3375,28489.13,20.36,1.3724,15495.62,0.9102,1.2482,6.3595,5.5122,7.7881,85.8
2022-01-14,4662.85,14893.75,83.82,43158.68,113.89,114.3968,9782.3375,28124.28,20.316,1.367,15611.59,0.9133,1.2549,6.3524,5.5393,7.7851,87.17
2022-01-15,4662.85,14893.75,83.82,43082.34,113.89,114.3968,9782.3375,28124.28,20.316,1.367,15611.59,0.9133,1.2549,6.3524,5.5393,7.7851,87.17
2022-01-16,4662.85,14893.75,83.82,43137.67,113.89,114.3968,9782.3375,28124.28,20.316,1.367,15611.59,0.9133,1.2549,6.3524,5.5393,7.7851,87.17
2022-01-17,4662.85,14893.75,83.82,42285.47,113.89,114.3968,9782.3375,28333.52,20.316,1.367,15611.59,0.9133,1.2549,6.3524,5.5393,7.7851,87.82
2022-01-18,4577.11,14506.9,85.42,42411.61,114.6,114.7513,9782.3375,28257.25,20.378,1.3588,15210.76,0.9168,1.2535,6.3525,5.5329,7.7912,88.83
2022-01-19,4532.76,14340.26,86.84,41723.49,114.28,114.6254,9782.3375,27467.23,20.47,1.3625,15047.84,0.9155,1.2499,6.3447,5.4668,7.791,89.64
2022-01-20,4482.73,14154.02,86.29,40696.22,114.08,114.4779,9782.3375,27772.93,20.423,1.3642,14846.46,0.9157,1.2462,6.3406,5.4052,7.7864,89.75
2022-01-21,4397.94,13768.92,85.16,36513.29,113.72,114.6261,9782.3375,27522.26,20.468,1.3562,14438.4,0.912,1.2542,6.3385,5.4225,7.7864,89.75
2022-01-22,4397.94,13768.92,85.16,35108.16,113.72,114.6261,9782.3375,27522.26,20.468,1.3562,14438.4,0.912,1.2542,6.3385,5.4225,7.7864,89.75
2022-01-23,4397.94,13768.92,85.16,36233.04,113.72,114.6261,9782.3375,27522.26,20.468,1.3562,14438.4,0.912,1.2542,6.3385,5.4225,7.7864,89.75
2022-01-24,4410.13,13855.13,84.48,36643.49,113.82,115.2165,9782.3375,27588.37,20.659,1.3447,14509.58,0.9146,1.2688,6.3304,5.5116,7.7858,87.74
2022-01-25,4356.45,13539.29,86.61,36976.64,113.88,115.1779,9782.3375,27131.34,20.677,1.3495,14149.12,0.9194,1.2637,6.3257,5.4818,7.7856,89.49
2022-01-26,4349.93,13542.12,88.33,36838.9,114.33,115.1044,9782.3375,27011.33,20.648,1.3516,14172.76,0.9213,1.2597,6.3206,5.4366,7.785,91.22
2022-01-27,4326.51,13352.78,87.61,37139.68,115.47,115.9874,9782.3375,26170.3,20.76,1.3385,14003.11,0.9318,1.2709,6.3677,5.4252,7.7909,90.7
2022-01-28,4431.85,13770.57,87.67,37677.8,115.21,116.049,9782.3375,26717.34,20.834,1.3417,14454.61,0.9298,1.2753,6.3605,5.3943,7.793,91.47
2022-01-29,4431.85,13770.57,87.67,38166.62,115.21,116.049,9782.3375,26717.34,20.834,1.3417,14454.61,0.9298,1.2753,6.3605,5.3943,7.793,91.47
2022-01-30,4431.85,13770.57,87.67,37918.6,115.21,116.049,9782.3375,26717.34,20.834,1.3417,14454.61,0.9298,1.2753,6.3605,5.3943,7.793,91.47
2022-01-31,4515.55,14239.88,89.16,38430.3,115.22,115.5742,9782.3375,27001.98,20.637,1.3439,14930.05,0.9303,1.2694,6.361,5.2893,7.7971,92.35
2022-02-01,4546.54,14346.0,88.22,38745.11,114.77,115.3775,9943.175,27078.48,20.569,1.3505,15019.68,0.9231,1.2688,6.361,5.2812,7.7939,90.24
2022-02-02,4589.38,14417.55,88.16,36905.98,114.36,115.1643,9943.175,27533.6,20.5898,1.3565,15139.74,0.9186,1.2689,6.361,5.2787,7.7943,91.43
2022-02-03,4477.44,13878.82,90.17,37238.31,114.88,114.9175,9943.175,27241.31,20.554,1.3602,14501.11,0.9213,1.2679,6.361,5.3047,7.7929,92.99
2022-02-04,4500.53,14098.01,92.27,41545.39,115.22,115.1473,9943.175,27439.99,20.718,1.3543,14694.35,0.9248,1.2759,6.361,5.3266,7.7894,96.86
2022-02-05,4500.53,14098.01,92.27,41447.5,115.22,115.1473,9943.175,27439.99,20.718,1.3543,14694.35,0.9248,1.2759,6.361,5.3266,7.7894,96.86
2022-02-06,4500.53,14098.01,92.27,42496.61,115.22,115.1473,9943.175,27439.99,20.718,1.3543,14694.35,0.9248,1.2759,6.361,5.3266,7.7894,96.86
2022-02-07,4483.87,14015.67,91.25,43897.96,115.09,115.0209,9943.175,27248.87,20.644,1.3533,14571.25,0.9243,1.2685,6.361,5.2922,7.7922,97.28
2022-02-08,4521.54,14194.45,89.32,44147.59,115.62,115.0999,9943.175,27284.52,20.636,1.3552,14747.03,0.9244,1.2709,6.366,5.2712,7.7944,96.07
2022-02-09,4587.18,14490.37,89.57,44402.94,115.44,114.8329,9943.175,27579.87,20.5,1.354,15056.96,0.9233,1.2675,6.3619,5.2641,7.7915,94.95
2022-02-10,4504.08,14185.64,89.83,43477.29,115.84,114.5618,9943.175,27696.08,20.433,1.3636,14705.64,0.923,1.2647,6.3526,5.1978,7.7938,96.37
2022-02-11,4418.64,13791.15,93.1,42391.54,115.91,114.8489,9943.175,27696.08,20.406,1.3601,14253.84,0.9255,1.2678,6.354,5.2015,7.7988,97.5
2022-02-12,4418.64,13791.15,93.1,42217.48,115.91,114.8489,9943.175,27696.08,20.406,1.3601,14253.84,0.9255,1.2678,6.354,5.2015,7.7988,97.5
2022-02-13,4418.64,13791.15,93.1,42097.33,115.91,114.8489,9943.175,27696.08,20.406,1.3601,14253.84,0.9255,1.2678,6.354,5.2015,7.7988,97.5
2022-02-14,4401.67,13790.92,95.52,42572.56,115.72,115.2008,9943.175,27079.59,20.402,1.3516,14268.59,0.9265,1.2732,6.3567,5.2153,7.8025,101.66
2022-02-15,4471.07,14139.76,92.07,44469.73,115.64,114.9357,9943.175,26865.19,20.363,1.3539,14620.82,0.9258,1.2742,6.3385,5.1807,7.8014,98.43
2022-02-16,4475.01,14124.09,93.83,43897.22,115.41,114.6954,9943.175,27460.4,20.312,1.3585,14603.64,0.9219,1.2687,6.3366,5.1584,7.8011,97.44
2022-02-17,4380.26,13716.72,91.78,40553.82,115.03,114.682,9943.175,27232.87,20.285,1.3624,14171.74,0.9202,1.2696,6.3381,5.1599,7.7997,95.28
2022-02-18,4348.87,13548.07,91.26,39993.11,115.08,114.8036,9943.175,27122.07,20.299,1.3585,14009.54,0.921,1.2748,6.3251,5.1219,7.8004,96.18
2022-02-19,4348.87,13548.07,91.26,40089.18,115.08,114.8036,9943.175,27122.07,20.299,1.3585,14009.54,0.921,1.2748,6.3251,5.1219,7.8004,96.18
2022-02-20,4348.87,13548.07,91.26,38426.4,115.08,114.8036,9943.175,27122.07,20.299,1.3585,14009.54,0.921,1.2748,6.3251,5.1219,7.8004,96.18
2022-02-21,4348.87,13548.07,91.26,37075.4,115.08,114.8036,9943.175,26910.87,20.299,1.3585,14009.54,0.921,1.2748,6.3251,5.1219,7.8004,98.95
2022-02-22,4304.76,13381.52,92.11,38261.46,114.94,114.7054,9943.175,26449.61,20.282,1.3597,13870.53,0.9204,1.2736,6.326,5.0611,7.8016,98.73
2022-02-23,4225.5,13037.49,92.14,37225.0,115.12,114.6718,9943.175,26449.61,20.245,1.3555,13509.43,0.9179,1.2717,6.3134,5.0181,7.8054,99.29
2022-02-24,4288.7,13473.59,92.77,38367.61,115.45,115.9478,9943.175,25970.82,20.643,1.336,13974.67,0.9266,1.284,6.3283,5.1248,7.8079,101.29
2022-02-25,4384.65,13694.62,91.68,39212.8,115.62,115.2633,9943.175,26476.5,20.415,1.3407,14189.16,0.9274,1.274,6.3169,5.1515,7.809,98.56
2022-02-26,4384.65,13694.62,91.68,39138.21,115.62,115.2633,9943.175,26476.5,20.415,1.3407,14189.16,0.9274,1.274,6.3169,5.1515,7.809,98.56
2022-02-27,4384.65,13694.62,91.68,37700.0,115.62,115.2633,9943.175,26476.5,20.415,1.3407,14189.16,0.9274,1.274,6.3169,5.1515,7.809,98.56
2022-02-28,4373.94,13751.4,96.13,43206.02,115.11,115.2317,9943.175,26526.82,20.403,1.3419,14237.81,0.9179,1.2662,6.3084,5.1599,7.8137,103.08
2022-03-01,4306.26,13532.46,103.66,44412.2,114.87,115.8062,10230.8939130435,26844.72,20.579,1.3318,14005.99,0.9186,1.2709,6.3116,5.1595,7.8171,110.93
2022-03-02,4386.54,13752.02,110.74,43862.75,115.59,115.7727,10230.8939130435,26393.03,20.619,1.3365,14243.69,0.9216,1.2657,6.321,5.1511,7.8129,118.94
2022-03-03,4363.49,13537.94,107.69,42432.0,115.67,115.9592,10230.8939130435,26577.27,20.714,1.3326,14035.21,0.9204,1.2675,6.3195,5.0551,7.8151,115.36
2022-03-04,4328.87,13313.44,115.77,39205.77,114.65,116.661,10230.8939130435,25985.47,20.936,1.3214,13837.83,0.9183,1.276,6.3188,5.0867,7.8137,123.86
2022-03-05,4328.87,13313.44,115.77,39390.89,114.65,116.661,10230.8939130435,25985.47,20.936,1.3214,13837.83,0.9183,1.276,6.3188,5.0867,7.8137,123.86
2022-03-06,4328.87,13313.44,115.77,38432.11,114.65,116.661,10230.8939130435,25985.47,20.936,1.3214,13837.83,0.9183,1.276,6.3188,5.0867,7.8137,123.86
2022-03-07,4201.09,12830.96,119.26,38004.69,115.41,117.3406,10230.8939130435,25221.41,21.236,1.3115,13319.38,0.9267,1.2772,6.3194,5.0841,7.8178,129.02
2022-03-08,4170.7,12795.55,123.64,38724.21,115.64,117.6281,10230.8939130435,24790.95,21.396,1.3101,13267.6,0.9302,1.2893,6.3178,5.0874,7.8194,133.18
2022-03-09,4277.88,13255.55,108.81,41985.86,115.87,116.6057,10230.8939130435,24717.53,20.952,1.316,13742.2,0.9264,1.2812,6.3174,4.9932,7.82,116.58
2022-03-10,4259.52,13129.96,105.93,39454.87,116.05,116.75,10230.8939130435,25690.4,20.974,1.3108,13591.0,0.9294,1.2772,6.3212,5.0424,7.8221,114.54
2022-03-11,4204.31,12843.81,109.31,38670.76,117.08,117.0294,10230.8939130435,25162.78,20.964,1.3063,13301.83,0.9326,1.2723,6.3389,5.0513,7.8282,118.11
2022-03-12,4204.31,12843.81,109.31,38767.98,117.08,117.0294,10230.8939130435,25162.78,20.964,1.3063,13301.83,0.9326,1.2723,6.3389,5.0513,7.8282,118.11
2022-03-13,4204.31,12843.81,109.31,37780.14,117.08,117.0294,10230.8939130435,25162.78,20.964,1.3063,13301.83,0.9326,1.2723,6.3389,5.0513,7.8282,118.11
2022-03-14,4173.11,12581.22,103.22,39644.88,118.0,117.1594,10230.8939130435,25307.85,20.906,1.3044,13046.64,0.9358,1.2774,6.3645,5.0834,7.8297,110.39
2022-03-15,4262.45,12948.62,96.42,39361.36,118.19,117.2533,10230.8939130435,25346.48,20.885,1.3065,13458.56,0.9415,1.2806,6.3696,5.1424,7.827,105.14
2022-03-16,4357.86,13436.55,94.85,41109.85,118.48,116.8135,10230.8939130435,25762.01,20.728,1.3096,13956.79,0.9414,1.2742,6.351,5.1083,7.8202,104.61
2022-03-17,4411.67,13614.78,102.97,40964.07,118.45,116.0544,10230.8939130435,26652.89,20.551,1.3159,14118.6,0.9349,1.2637,6.3459,5.0427,7.8159,113.5
2022-03-18,4463.12,13893.84,104.69,41806.03,119.17,116.1447,10230.8939130435,26827.43,20.404,1.3169,14420.08,0.9337,1.2633,6.3609,5.0165,7.8228,114.32
2022-03-19,4463.12,13893.84,104.69,42219.55,119.17,116.1447,10230.8939130435,26827.43,20.404,1.3169,14420.08,0.9337,1.2633,6.3609,5.0165,7.8228,114.32
2022-03-20,4463.12,13893.84,104.69,41271.13,119.17,116.1447,10230.8939130435,26827.43,20.404,1.3169,14420.08,0.9337,1.2633,6.3609,5.0165,7.8228,114.32
2022-03-21,4461.18,13838.46,112.14,41009.98,119.15,115.9467,10230.8939130435,26827.43,20.286,1.3201,14376.09,0.9303,1.258,6.3552,4.9477,7.8241,122.29
2022-03-22,4511.61,14108.82,111.03,42359.88,120.66,116.0888,10230.8939130435,27224.11,20.265,1.3258,14654.33,0.9325,1.2604,6.366,4.9365,7.826,121.53
2022-03-23,4456.24,13922.6,114.89,42940.28,121.02,116.0101,10230.8939130435,28040.16,20.17,1.3212,14447.55,0.9318,1.2555,6.372,4.8479,7.8247,127.52
2022-03-24,4520.16,14191.84,114.2,43979.48,122.08,115.9651,10230.8939130435,28110.39,20.12,1.3183,14765.69,0.9308,1.2532,6.367,4.8202,7.8232,123.98
2022-03-25,4543.06,14169.3,116.2,44355.11,121.98,115.7953,10230.8939130435,28149.84,19.94,1.3193,14754.31,0.9308,1.2512,6.3658,4.7577,7.8275,122.67
2022-03-26,4543.06,14169.3,116.2,44548.42,121.98,115.7953,10230.8939130435,28149.84,19.94,1.3193,14754.31,0.9308,1.2512,6.3658,4.7577,7.8275,122.67
2022-03-27,4543.06,14169.3,116.2,46819.78,121.98,115.7953,10230.8939130435,28149.84,19.94,1.3193,14754.31,0.9308,1.2512,6.3658,4.7577,7.8275,122.67
2022-03-28,4575.52,14354.9,107.55,47191.31,123.25,116.1953,10230.8939130435,27943.89,20.14,1.3091,14987.4,0.9344,1.255,6.3714,4.7917,7.8296,114.5
2022-03-29,4631.6,14619.64,104.25,47430.74,122.61,115.572,10230.8939130435,28252.42,20.012,1.3125,15239.32,0.9303,1.2513,6.3635,4.7554,7.8275,112.79
2022-03-30,4602.45,14442.27,107.81,47022.82,121.97,115.0857,10230.8939130435,28027.25,19.833,1.3149,15071.55,0.9233,1.2495,6.347,4.7695,7.827,115.59
2022-03-31,4530.41,14220.52,100.53,45475.83,121.44,115.2254,10230.8939130435,27821.43,19.911,1.3152,14838.49,0.9211,1.2482,6.3393,4.7264,7.8325,107.29
2022-04-01,4545.86,14261.5,99.32,46222.43,122.6,115.4835,10174.3476190476,27665.98,19.837,1.3114,14861.21,0.9256,1.2507,6.3625,4.6944,7.8341,106.13
2022-04-02,4545.86,14261.5,99.32,45871.46,122.6,115.4835,10174.3476190476,27665.98,19.837,1.3114,14861.21,0.9256,1.2507,6.3625,4.6944,7.8341,106.13
2022-04-03,4545.86,14261.5,99.32,46358.05,122.6,115.4835,10174.3476190476,27665.98,19.837,1.3114,14861.21,0.9256,1.2507,6.3625,4.6944,7.8341,106.13
2022-04-04,4582.64,14532.55,103.29,46568.89,122.7,115.4121,10174.3476190476,27736.47,19.745,1.3116,15159.58,0.9256,1.2491,6.3619,4.6195,7.834,108.15
2022-04-05,4525.12,14204.17,101.98,45449.25,123.48,115.7328,10174.3476190476,27787.98,19.932,1.3101,14820.64,0.9292,1.2452,6.3619,4.6592,7.8351,106.6
2022-04-06,4481.15,13888.82,96.39,43206.04,123.7,116.002,10174.3476190476,27350.3,20.045,1.3082,14498.88,0.9325,1.2502,6.359,4.6892,7.8379,100.81
2022-04-07,4500.21,13897.3,96.05,43432.08,123.8,116.3541,10174.3476190476,26888.57,20.16,1.306,14531.81,0.9332,1.2592,6.36,4.7619,7.8373,99.83
2022-04-08,4488.28,13711.0,98.35,42281.5,124.31,116.42,10174.3476190476,26985.8,20.077,1.3032,14327.26,0.9333,1.2577,6.3643,4.7495,7.8392,101.26
2022-04-09,4488.28,13711.0,98.35,42773.37,124.31,116.42,10174.3476190476,26985.8,20.077,1.3032,14327.26,0.9333,1.2577,6.3643,4.7495,7.8392,101.26
2022-04-10,4488.28,13711.0,98.35,42177.2,124.31,116.42,10174.3476190476,26985.8,20.077,1.3032,14327.26,0.9333,1.2577,6.3643,4.7495,7.8392,101.26
2022-04-11,4412.53,13411.96,94.22,39615.2,125.55,116.5423,10174.3476190476,26821.52,20.01,1.3033,13990.21,0.9308,1.2622,6.3692,4.7031,7.8378,97.92
2022-04-12,4397.45,13371.57,100.52,40105.2,125.25,116.387,10174.3476190476,26334.98,19.841,1.3031,13940.24,0.9302,1.2609,6.3651,4.6705,7.8369,104.42
2022-04-13,4446.59,13643.59,104.26,41101.04,125.51,116.2793,10174.3476190476,26843.49,19.802,1.3072,14217.29,0.9335,1.2595,6.3678,4.684,7.8393,108.49
2022-04-14,4392.59,13351.08,106.84,39910.05,125.92,116.7552,10174.3476190476,27172.0,19.99,1.3052,13893.21,0.9426,1.2628,6.3775,4.707,7.8425,110.83
2022-04-15,4392.59,13351.08,106.84,40566.6,126.31,116.7011,10174.3476190476,27093.19,19.953,1.3066,13893.21,0.9431,1.2613,6.3705,4.6965,7.8436,110.83
2022-04-16,4392.59,13351.08,106.84,40378.25,126.31,116.7011,10174.3476190476,27093.19,19.953,1.3066,13893.21,0.9431,1.2613,6.3705,4.6965,7.8436,110.83
2022-04-17,4392.59,13351.08,106.84,39670.73,126.31,116.7011,10174.3476190476,27093.19,19.953,1.3066,13893.21,0.9431,1.2613,6.3705,4.6965,7.8436,110.83
2022-04-18,4391.69,13332.36,108.24,40817.48,126.77,116.8427,10174.3476190476,26799.71,19.9311,1.3019,13910.76,0.9441,1.262,6.363,4.6772,7.8427,110.83
2022-04-19,4462.21,13619.66,102.54,41480.25,128.55,117.1322,10174.3476190476,26985.09,20.05,1.3009,14210.26,0.9482,1.2618,6.393,4.6689,7.8417,105.49
2022-04-20,4459.45,13453.07,102.56,41350.25,127.76,116.7325,10174.3476190476,27217.85,19.999,1.3055,13998.53,0.9469,1.249,6.4188,4.6171,7.8438,105.05
2022-04-21,4393.66,13174.65,103.89,40464.52,128.62,117.1454,10174.3476190476,27553.06,20.165,1.3042,13720.45,0.9533,1.2526,6.45,4.622,7.8444,107.2
2022-04-22,4271.78,12839.29,102.86,39708.2,128.78,118.0205,10174.3476190476,27105.26,20.312,1.2848,13356.87,0.9587,1.2716,6.501,4.7675,7.8459,105.15
2022-04-23,4271.78,12839.29,102.86,39468.1,128.78,118.0205,10174.3476190476,27105.26,20.312,1.2848,13356.87,0.9587,1.2716,6.501,4.7675,7.8459,105.15
2022-04-24,4271.78,12839.29,102.86,39489.71,128.78,118.0205,10174.3476190476,27105.26,20.312,1.2848,13356.87,0.9587,1.2716,6.501,4.7675,7.8459,105.15
2022-04-25,4296.12,13004.85,99.6,40490.41,127.66,118.6298,10174.3476190476,26590.78,20.256,1.2698,13533.22,0.9585,1.2775,6.5585,4.941,7.8476,99.27
2022-04-26,4175.2,12490.74,102.62,38102.78,127.37,118.9658,10174.3476190476,26700.11,20.434,1.2617,13009.71,0.961,1.2796,6.5552,4.985,7.8461,102.89
2022-04-27,4183.96,12488.93,101.96,39188.42,128.44,119.472,10174.3476190476,26386.63,20.448,1.2547,13003.36,0.9695,1.283,6.5595,5.0058,7.8466,103.3
2022-04-28,4287.5,12871.53,105.47,39737.71,130.94,120.0703,10174.3476190476,26847.9,20.561,1.2443,13456.06,0.9724,1.2831,6.6243,4.9973,7.8463,105.78
2022-04-29,4131.93,12334.64,104.59,38597.17,129.84,119.4936,10174.3476190476,26847.9,20.359,1.2565,12854.8,0.9723,1.2802,6.608,4.9325,7.8465,108.36
2022-04-30,4131.93,12334.64,104.59,37658.53,129.84,119.4936,10174.3476190476,26847.9,20.359,1.2565,12854.8,0.9723,1.2802,6.608,4.9325,7.8465,108.36
2022-05-01,4131.93,12334.64,104.59,38496.42,129.84,119.4936,9395.02727272727,26847.9,20.359,1.2565,12854.8,0.9723,1.2802,6.608,4.9325,7.8465,108.36
2022-05-02,4155.38,12536.02,105.18,38488.36,130.18,119.8827,9395.02727272727,26818.53,20.431,1.2523,13075.85,0.977,1.2884,6.6079,5.0275,7.8477,108.36
2022-05-03,4175.48,12563.76,102.53,37708.41,130.09,119.7037,9395.02727272727,26818.53,20.346,1.251,13089.9,0.9785,1.2837,6.6079,4.9999,7.8476,104.94
2022-05-04,4300.17,12964.86,107.84,39671.83,129.97,119.5567,9395.02727272727,26818.53,20.226,1.2487,13535.71,0.9829,1.2817,6.6079,4.9962,7.8487,110.53
2022-05-05,4146.87,12317.69,108.17,36516.79,130.41,120.0043,9395.02727272727,26818.53,20.291,1.2334,12850.55,0.9874,1.2849,6.6535,5.0481,7.8494,112.11
2022-05-06,4123.34,12144.66,109.72,36013.22,130.35,119.8544,9395.02727272727,27003.56,20.111,1.2344,12693.53,0.9858,1.289,6.6651,5.0626,7.8496,113.86
2022-05-07,4123.34,12144.66,109.72,35445.54,130.35,119.8544,9395.02727272727,27003.56,20.111,1.2344,12693.53,0.9858,1.289,6.6651,5.0626,7.8496,113.86
2022-05-08,4123.34,12144.66,109.72,34089.76,130.35,119.8544,9395.02727272727,27003.56,20.111,1.2344,12693.53,0.9858,1.289,6.6651,5.0626,7.8496,113.86
2022-05-09,3991.24,11623.25,103.08,30176.73,130.37,120.4949,9395.02727272727,26319.34,20.302,1.2335,12187.72,0.9927,1.2962,6.7295,5.1235,7.8497,106.67
2022-05-10,4001.05,11737.67,99.74,30961.83,130.21,120.7716,9395.02727272727,26167.1,20.403,1.2313,12345.86,0.9949,1.303,6.7343,5.151,7.8498,102.61
2022-05-11,3935.18,11364.24,105.5,29027.82,130.2,120.3896,9395.02727272727,26213.64,20.254,1.2317,11967.56,0.9907,1.2943,6.7186,5.1042,7.8499,107.7
2022-05-12,3930.08,11370.96,106.15,28959.93,128.1,121.273,9395.02727272727,25748.72,20.306,1.2198,11945.5,1.0004,1.3055,6.786,5.1368,7.8499,108.06
2022-05-13,4023.89,11805.0,110.52,29292.4,129.23,120.8379,9395.02727272727,26427.65,20.127,1.2242,12387.4,1.0014,1.2929,6.788,5.0801,7.8498,112.12
2022-05-14,4023.89,11805.0,110.52,30012.62,129.23,120.8379,9395.02727272727,26427.65,20.127,1.2242,12387.4,1.0014,1.2929,6.788,5.0801,7.8498,112.12
2022-05-15,4023.89,11805.0,110.52,31258.75,129.23,120.8379,9395.02727272727,26427.65,20.127,1.2242,12387.4,1.0014,1.2929,6.788,5.0801,7.8498,112.12
2022-05-16,4008.01,11662.79,114.07,29854.67,129.15,120.6812,9395.02727272727,26547.05,20.057,1.227,12243.58,1.0028,1.2883,6.7852,5.0645,7.8499,114.86
2022-05-17,4088.85,11984.52,112.31,30391.04,129.31,119.8816,9395.02727272727,26659.75,19.973,1.2468,12564.1,0.9931,1.2839,6.7361,4.9546,7.8497,112.89
2022-05-18,3923.68,11418.15,109.67,28762.93,128.22,120.022,9395.02727272727,26911.2,19.993,1.2396,11928.31,0.9902,1.2838,6.754,4.972,7.8481,110.04
2022-05-19,3900.79,11388.5,112.21,30258.84,127.62,119.4244,9395.02727272727,26402.84,19.925,1.2504,11875.63,0.9729,1.2821,6.7109,4.9035,7.8475,113.22
2022-05-20,3901.36,11354.62,112.63,29138.15,127.86,119.3617,9395.02727272727,26739.03,19.863,1.2492,11835.62,0.9749,1.2837,6.6921,4.8618,7.8484,113.63
2022-05-21,3901.36,11354.62,112.63,29426.6,127.86,119.3617,9395.02727272727,26739.03,19.863,1.2492,11835.62,0.9749,1.2837,6.6921,4.8618,7.8484,113.63
2022-05-22,3901.36,11354.62,112.63,30221.12,127.86,119.3617,9395.02727272727,26739.03,19.863,1.2492,11835.62,0.9749,1.2837,6.6921,4.8618,7.8484,113.63
2022-05-23,3973.75,11535.27,110.32,29095.68,127.78,118.712,9395.02727272727,27001.52,19.828,1.2571,12034.28,0.9664,1.2784,6.649,4.7934,7.8498,115.13
2022-05-24,3941.48,11264.45,112.55,29605.66,126.56,118.6208,9395.02727272727,26748.14,19.879,1.2544,11769.84,0.9597,1.284,6.653,4.8275,7.849,115.77
2022-05-25,3978.73,11434.74,112.88,29487.83,127.31,118.9561,9395.02727272727,26677.8,19.837,1.2539,11943.93,0.9637,1.2837,6.6916,4.8498,7.8495,116.41
2022-05-26,4057.84,11740.65,116.19,29160.96,127.23,118.7671,9395.02727272727,26604.84,19.801,1.2582,12276.79,0.9595,1.2788,6.738,4.7824,7.8496,119.81
2022-05-27,4158.24,12131.13,114.96,28608.55,127.14,118.2796,9395.02727272727,26781.68,19.575,1.2613,12681.42,0.9575,1.274,6.698,4.7255,7.8494,121.19
2022-05-28,4158.24,12131.13,114.96,28974.3,127.14,118.2796,9395.02727272727,26781.68,19.575,1.2613,12681.42,0.9575,1.274,6.698,4.7255,7.8494,121.19
2022-05-29,4158.24,12131.13,114.96,29441.17,127.14,118.2796,9395.02727272727,26781.68,19.575,1.2613,12681.42,0.9575,1.274,6.698,4.7255,7.8494,121.19
2022-05-30,4158.24,12131.13,114.96,31691.54,127.14,118.2796,9395.02727272727,27369.43,19.575,1.2613,12681.42,0.9575,1.274,6.698,4.7255,7.8494,123.01
2022-05-31,4132.15,12081.39,114.38,31804.27,128.53,118.0689,9395.02727272727,27279.8,19.68,1.2624,12642.1,0.957,1.2639,6.6715,4.7264,7.8468,125.53
2022-06-01,4101.23,11994.46,115.26,29779.16,130.09,118.6936,9067.55181818182,27457.89,19.75,1.2472,12548.36,0.9644,1.267,6.6858,4.8003,7.8475,122.2
2022-06-02,4176.82,12316.9,116.88,30428.98,129.83,118.0642,9067.55181818182,27413.88,19.555,1.2557,12892.89,0.9592,1.2587,6.6596,4.779,7.8452,122.2
2022-06-03,4108.54,12012.73,118.97,29684.67,130.71,118.2138,9067.55181818182,27761.57,19.601,1.2496,12548.03,0.9625,1.2581,6.6595,4.7973,7.8461,125.68
2022-06-04,4108.54,12012.73,118.97,29832.02,130.71,118.2138,9067.55181818182,27761.57,19.601,1.2496,12548.03,0.9625,1.2581,6.6595,4.7973,7.8461,125.68
2022-06-05,4108.54,12012.73,118.97,29893.98,130.71,118.2138,9067.55181818182,27761.57,19.601,1.2496,12548.03,0.9625,1.2581,6.6595,4.7973,7.8461,125.68
2022-06-06,4121.43,12061.37,118.41,31324.88,131.55,118.3053,9067.55181818182,27915.89,19.594,1.2544,12599.63,0.969,1.257,6.6534,4.7974,7.8446,124.99
2022-06-07,4160.68,12175.23,119.55,31073.76,132.53,118.4401,9067.55181818182,27943.95,19.601,1.2594,12711.68,0.9731,1.255,6.6675,4.8848,7.8463,126.89
2022-06-08,4115.77,12086.27,121.94,30195.33,134.06,118.3944,9067.55181818182,28234.29,19.57,1.2557,12615.13,0.975,1.2524,6.6825,4.8714,7.8476,129.2
2022-06-09,4017.82,11754.23,121.52,30070.71,134.06,118.9193,9067.55181818182,28246.53,19.612,1.2511,12269.78,0.9778,1.2651,6.6915,4.888,7.8491,128.47
2022-06-10,3900.86,11340.02,120.73,29061.88,134.19,119.9942,9067.55181818182,27824.29,19.914,1.233,11832.82,0.9886,1.2782,6.7081,4.9947,7.8494,127.44
2022-06-11,3900.86,11340.02,120.73,28381.45,134.19,119.9942,9067.55181818182,27824.29,19.914,1.233,11832.82,0.9886,1.2782,6.7081,4.9947,7.8494,127.44
2022-06-12,3900.86,11340.02,120.73,26633.35,134.19,119.9942,9067.55181818182,27824.29,19.914,1.233,11832.82,0.9886,1.2782,6.7081,4.9947,7.8494,127.44
2022-06-13,3749.63,10809.23,120.92,22333.0,134.12,121.1517,9067.55181818182,26987.44,20.411,1.217,11288.32,0.9966,1.2851,6.753,5.0988,7.8499,128.44
2022-06-14,3735.48,10828.35,118.92,22122.57,134.89,121.6668,9067.55181818182,26629.86,20.671,1.2011,11311.69,1.0016,1.2933,6.7395,5.1353,7.8499,127.02
2022-06-15,3789.99,11099.15,115.32,22544.07,134.5,121.6382,9067.55181818182,26326.16,20.661,1.2057,11593.77,1.0021,1.297,6.7128,5.1117,7.8499,124.96
2022-06-16,3666.77,10646.1,117.56,20336.62,131.65,120.6755,9067.55181818182,26431.2,20.541,1.2341,11127.57,0.9663,1.2925,6.703,5.0535,7.8498,125.78
2022-06-17,3674.84,10798.35,109.56,20421.22,135.14,121.2389,9067.55181818182,25963.0,20.429,1.2201,11265.99,0.9717,1.3054,6.716,5.142,7.8498,119.22
2022-06-18,3674.84,10798.35,109.56,18989.21,135.14,121.2389,9067.55181818182,25963.0,20.429,1.2201,11265.99,0.9717,1.3054,6.716,5.142,7.8498,119.22
2022-06-19,3674.84,10798.35,109.56,20520.28,135.14,121.2389,9067.55181818182,25963.0,20.429,1.2201,11265.99,0.9717,1.3054,6.716,5.142,7.8498,119.22
2022-06-20,3674.84,10798.35,109.56,20534.33,135.14,121.2389,9067.55181818182,25771.22,20.429,1.2201,11265.99,0.9717,1.3054,6.716,5.142,7.8498,118.25
2022-06-21,3764.79,11069.3,110.49,20675.12,136.25,120.646,9067.55181818182,26246.31,20.195,1.2277,11546.76,0.966,1.2927,6.688,5.1333,7.8498,118.51
2022-06-22,3759.89,11053.08,106.22,19997.23,136.05,120.5232,9067.55181818182,26149.55,20.047,1.228,11527.71,0.9615,1.2932,6.6983,5.1563,7.8499,115.54
2022-06-23,3795.73,11232.19,105.75,21121.55,134.72,120.7646,9067.55181818182,26171.25,20.012,1.224,11697.68,0.9606,1.2979,6.698,5.2021,7.8491,114.5
2022-06-24,3911.74,11607.62,109.07,21206.32,135.22,120.4897,9067.55181818182,26491.97,19.906,1.2273,12105.85,0.9569,1.2919,6.6878,5.2363,7.8492,117.36
2022-06-25,3911.74,11607.62,109.07,21474.76,135.22,120.4897,9067.55181818182,26491.97,19.906,1.2273,12105.85,0.9569,1.2919,6.6878,5.2363,7.8492,117.36
2022-06-26,3911.74,11607.62,109.07,21025.22,135.22,120.4897,9067.55181818182,26491.97,19.906,1.2273,12105.85,0.9569,1.2919,6.6878,5.2363,7.8492,117.36
2022-06-27,3900.11,11524.55,111.44,20718.74,135.26,120.1789,9067.55181818182,26871.27,19.879,1.2305,12008.24,0.9551,1.287,6.6899,5.2078,7.845,119.69
2022-06-28,3821.55,11181.54,113.66,20251.34,136.19,120.6254,9067.55181818182,27049.47,19.983,1.22,11637.77,0.9563,1.2882,6.707,5.2531,7.8481,122.21
2022-06-29,3818.83,11177.89,111.65,20094.43,136.5,120.9689,9067.55181818182,26804.6,20.163,1.2151,11658.26,0.9541,1.2861,6.6997,5.2386,7.8462,120.8
2022-06-30,3785.38,11028.74,107.76,19837.58,135.69,120.9718,9067.55181818182,26393.04,20.118,1.2162,11503.72,0.955,1.2871,6.6981,5.2196,7.8472,119.78
2022-07-01,3825.33,11127.85,110.3,19270.3,135.09,121.5123,7544.80952380952,25935.62,20.318,1.2048,11585.68,0.9623,1.2915,6.7,5.3083,7.8461,119.21
2022-07-02,3825.33,11127.85,110.3,19210.52,135.09,121.5123,7544.80952380952,25935.62,20.318,1.2048,11585.68,0.9623,1.2915,6.7,5.3083,7.8461,119.21
2022-07-03,3825.33,11127.85,110.3,19283.07,135.09,121.5123,7544.80952380952,25935.62,20.318,1.2048,11585.68,0.9623,1.2915,6.7,5.3083,7.8461,119.21
2022-07-04,3825.33,11127.85,110.3,20205.89,135.09,121.5123,7544.80952380952,26153.81,20.318,1.2048,11585.68,0.9623,1.2915,6.7,5.3083,7.8461,121.8
2022-07-05,3831.39,11322.24,101.55,20171.1,135.72,122.6276,7544.80952380952,26423.47,20.551,1.1932,11779.9,0.969,1.3064,6.7192,5.3903,7.8465,110.49
2022-07-06,3845.08,11361.85,100.31,20556.8,135.66,123.0165,7544.80952380952,26107.65,20.694,1.1907,11852.59,0.9714,1.3052,6.707,5.4558,7.8465,108.54
2022-07-07,3902.62,11621.35,104.62,21657.39,135.99,122.7336,7544.80952380952,26490.53,20.599,1.1994,12109.05,0.9734,1.2988,6.7005,5.352,7.8476,113.4
2022-07-08,3899.38,11635.31,106.78,21582.54,136.16,122.4724,7544.80952380952,26517.19,20.444,1.2036,12125.69,0.9775,1.2947,6.6945,5.2961,7.8483,113.95
2022-07-09,3899.38,11635.31,106.78,21573.37,136.16,122.4724,7544.80952380952,26517.19,20.444,1.2036,12125.69,0.9775,1.2947,6.6945,5.2961,7.8483,113.95
2022-07-10,3899.38,11635.31,106.78,20806.95,136.16,122.4724,7544.80952380952,26517.19,20.444,1.2036,12125.69,0.9775,1.2947,6.6945,5.2961,7.8483,113.95
2022-07-11,3854.43,11372.6,106.09,19942.91,137.29,123.3062,7544.80952380952,26812.3,20.735,1.1907,11860.28,0.9794,1.2979,6.7175,5.3432,7.8497,114.85
2022-07-12,3818.8,11264.73,97.69,19302.71,136.68,123.4612,7544.80952380952,26336.66,20.749,1.1905,11744.99,0.9812,1.3003,6.7234,5.4192,7.8499,106.98
2022-07-13,3801.78,11247.58,98.44,20206.62,137.34,123.293,7544.80952380952,26478.77,20.725,1.1919,11728.53,0.9784,1.2956,6.7175,5.3764,7.8499,107.17
2022-07-14,3790.38,11251.19,97.79,20583.48,138.94,124.0717,7544.80952380952,26643.39,20.858,1.1827,11768.4,0.9829,1.31,6.7542,5.4237,7.8497,107.74
2022-07-15,3863.16,11452.42,99.59,20838.39,138.57,123.4842,7544.80952380952,26788.47,20.578,1.1857,11983.62,0.9776,1.3041,6.7565,5.384,7.8499,112.26
2022-07-16,3863.16,11452.42,99.59,21195.28,138.57,123.4842,7544.80952380952,26788.47,20.578,1.1857,11983.62,0.9776,1.3041,6.7565,5.384,7.8499,112.26
2022-07-17,3863.16,11452.42,99.59,20762.12,138.57,123.4842,7544.80952380952,26788.47,20.578,1.1857,11983.62,0.9776,1.3041,6.7565,5.384,7.8499,112.26
2022-07-18,3830.85,11360.05,104.48,22368.75,138.23,122.78,7544.80952380952,26788.47,20.389,1.1989,11877.5,0.9764,1.2919,6.742,5.373,7.8497,117.27
2022-07-19,3936.69,11713.15,106.12,23410.92,137.94,122.4922,7544.80952380952,26961.68,20.464,1.2022,12249.42,0.9683,1.2887,6.743,5.394,7.8496,114.96
2022-07-20,3959.9,11897.65,104.45,23237.11,138.16,122.6096,7544.80952380952,27680.26,20.469,1.1989,12439.68,0.9721,1.2875,6.754,5.4325,7.8499,115.86
2022-07-21,3998.95,12059.61,98.44,23140.92,137.94,122.9169,7544.80952380952,27803.0,20.663,1.1968,12619.41,0.9693,1.2885,6.7655,5.497,7.8492,112.81
2022-07-22,3961.63,11834.11,97.71,22706.35,136.12,122.4643,7544.80952380952,27914.66,20.502,1.2019,12396.47,0.9613,1.2861,6.75,5.4558,7.8489,106.77
2022-07-23,3961.63,11834.11,97.71,22457.13,136.12,122.4643,7544.80952380952,27914.66,20.502,1.2019,12396.47,0.9613,1.2861,6.75,5.4558,7.8489,106.77
2022-07-24,3961.63,11834.11,97.71,22592.39,136.12,122.4643,7544.80952380952,27914.66,20.502,1.2019,12396.47,0.9613,1.2861,6.75,5.4558,7.8489,106.77
2022-07-25,3966.84,11782.67,99.83,21248.31,136.72,122.4721,7544.80952380952,27699.25,20.464,1.2042,12328.41,0.9651,1.2845,6.7499,5.4015,7.8493,108.23
2022-07-26,3921.05,11562.57,97.74,21277.3,136.62,122.7698,7544.80952380952,27655.21,20.472,1.2036,12086.9,0.9634,1.2891,6.7616,5.3699,7.8495,107.32
2022-07-27,4023.61,12032.42,100.03,22986.74,137.31,122.8281,7544.80952380952,27715.75,20.507,1.2027,12601.47,0.965,1.2881,6.757,5.2962,7.8497,109.64
2022-07-28,4072.43,12162.59,99.11,23875.62,134.45,122.1267,7544.80952380952,27815.48,20.383,1.2126,12717.87,0.9568,1.2835,6.7465,5.215,7.8498,109.68
2022-07-29,4130.29,12390.69,101.31,23817.5,133.25,121.7793,7544.80952380952,27801.64,20.363,1.2183,12947.97,0.9513,1.2801,6.7433,5.181,7.8498,111.51
2022-07-30,4130.29,12390.69,101.31,23643.31,133.25,121.7793,7544.80952380952,27801.64,20.363,1.2183,12947.97,0.9513,1.2801,6.7433,5.181,7.8498,111.51
2022-07-31,4130.29,12390.69,101.31,23296.14,133.25,121.7793,7544.80952380952,27801.64,20.363,1.2183,12947.97,0.9513,1.2801,6.7433,5.181,7.8498,111.51
2022-08-01,4118.63,12368.98,96.59,23250.19,131.8,121.4218,7990.81217391304,27993.35,20.251,1.2278,12940.78,0.9486,1.283,6.7674,5.1508,7.8499,106.09
2022-08-02,4091.19,12348.76,97.14,23005.22,132.32,121.9609,7990.81217391304,27594.73,20.52,1.2218,12901.6,0.9543,1.2855,6.7499,5.242,7.8499,106.51
2022-08-03,4155.17,12668.16,93.25,22820.48,134.18,122.4002,7990.81217391304,27741.9,20.553,1.2132,13253.26,0.963,1.2869,6.7565,5.2693,7.8499,101.82
2022-08-04,4151.94,12720.58,91.29,22604.63,133.28,121.8436,7990.81217391304,27932.2,20.328,1.2141,13311.04,0.9565,1.2852,6.7485,5.2165,7.8498,97.99
2022-08-05,4145.19,12657.55,91.77,23285.14,135.33,122.33,7990.81217391304,28175.87,20.394,1.2061,13207.69,0.9635,1.2942,6.7607,5.1987,7.8499,100.31
2022-08-06,4145.19,12657.55,91.77,22960.16,135.33,122.33,7990.81217391304,28175.87,20.394,1.2061,13207.69,0.9635,1.2942,6.7607,5.1987,7.8499,100.31
2022-08-07,4145.19,12657.55,91.77,23187.41,135.33,122.33,7990.81217391304,28175.87,20.394,1.2061,13207.69,0.9635,1.2942,6.7607,5.1987,7.8499,100.31
2022-08-08,4140.06,12644.46,93.52,23824.9,134.73,121.8887,7990.81217391304,28249.24,20.2912,1.2098,13159.16,0.9545,1.2854,6.7505,5.1331,7.8499,103.46
2022-08-09,4122.47,12493.93,93.18,23138.91,134.95,121.8719,7990.81217391304,27999.96,20.281,1.2089,13008.17,0.9525,1.288,6.7525,5.1302,7.8499,103.81
2022-08-10,4210.24,12854.8,94.68,23982.75,132.58,120.7648,7990.81217391304,27819.33,19.964,1.2245,13378.32,0.941,1.2773,6.723,5.053,7.8469,105.06
2022-08-11,4207.27,12779.91,97.02,23956.28,132.66,120.7281,7990.81217391304,27819.33,19.922,1.223,13291.99,0.9391,1.2744,6.7445,5.1396,7.8431,107.19
2022-08-12,4280.15,13047.19,94.86,24398.29,133.57,121.0272,7990.81217391304,28546.98,19.869,1.2132,13565.87,0.943,1.2783,6.7425,5.086,7.8385,103.7
2022-08-13,4280.15,13047.19,94.86,24447.08,133.57,121.0272,7990.81217391304,28546.98,19.869,1.2132,13565.87,0.943,1.2783,6.7425,5.086,7.8385,103.7
2022-08-14,4280.15,13047.19,94.86,24301.71,133.57,121.0272,7990.81217391304,28546.98,19.869,1.2132,13565.87,0.943,1.2783,6.7425,5.086,7.8385,103.7
2022-08-15,4297.14,13128.05,92.24,24092.27,133.13,121.4382,7990.81217391304,28871.78,19.84,1.209,13667.18,0.9449,1.2891,6.7715,5.0818,7.8372,98.25
2022-08-16,4305.2,13102.55,89.23,23861.8,134.38,121.6889,7990.81217391304,28868.91,19.918,1.209,13635.21,0.9506,1.2874,6.7875,5.1443,7.842,95.36
2022-08-17,4274.04,12938.12,90.85,23357.89,135.4,122.0802,7990.81217391304,29222.77,20.067,1.203,13470.86,0.9537,1.2932,6.7805,5.1705,7.8434,97.22
2022-08-18,4283.74,12965.34,93.2,23175.9,135.29,122.3722,7990.81217391304,28942.14,20.085,1.197,13505.99,0.9546,1.2945,6.7855,5.1873,7.8444,96.35
2022-08-19,4228.48,12705.22,93.55,20850.04,137.01,123.0596,7990.81217391304,28930.33,20.186,1.181,13242.9,0.959,1.2994,6.8164,5.1947,7.846,96.45
2022-08-20,4228.48,12705.22,93.55,21151.45,137.01,123.0596,7990.81217391304,28930.33,20.186,1.181,13242.9,0.959,1.2994,6.8164,5.1947,7.846,96.45
2022-08-21,4228.48,12705.22,93.55,21513.86,137.01,123.0596,7990.81217391304,28930.33,20.186,1.181,13242.9,0.959,1.2994,6.8164,5.1947,7.846,96.45
2022-08-22,4137.99,12381.57,93.42,21403.82,137.57,123.6123,7990.81217391304,28794.5,20.163,1.1752,12890.54,0.9652,1.3038,6.8476,5.1669,7.8467,95.06
2022-08-23,4128.73,12381.3,96.46,21529.34,136.36,123.0617,7990.81217391304,28452.75,20.017,1.1844,12881.79,0.9632,1.2945,6.8476,5.081,7.8474,99.49
2022-08-24,4140.77,12431.53,95.52,21358.67,136.92,123.1136,7990.81217391304,28313.47,19.896,1.1802,12917.86,0.9664,1.2969,6.8581,5.0939,7.8467,99.87
2022-08-25,4199.12,12639.27,93.33,21518.35,136.83,123.0645,7990.81217391304,28479.01,19.944,1.1803,13143.58,0.9648,1.2944,6.8477,5.116,7.8467,98.81
2022-08-26,4057.66,12141.71,93.63,20230.18,137.07,123.0709,7990.81217391304,28641.38,19.913,1.1778,12605.17,0.9635,1.3006,6.8715,5.0826,7.8461,101.13
2022-08-27,4057.66,12141.71,93.63,20018.43,137.07,123.0709,7990.81217391304,28641.38,19.913,1.1778,12605.17,0.9635,1.3006,6.8715,5.0826,7.8461,101.13
2022-08-28,4057.66,12141.71,93.63,19582.83,137.07,123.0709,7990.81217391304,28641.38,19.913,1.1778,12605.17,0.9635,1.3006,6.8715,5.0826,7.8461,101.13
2022-08-29,4030.61,12017.67,97.4,20291.07,138.74,123.4739,7990.81217391304,27878.96,20.015,1.1718,12484.32,0.9688,1.3001,6.9067,5.0273,7.8469,101.13
2022-08-30,3986.16,11883.14,92.08,19835.7,138.73,123.6893,7990.81217391304,28195.58,20.095,1.1651,12342.7,0.9746,1.309,6.91,5.077,7.8488,99.34
2022-08-31,3955.0,11816.2,90.09,20025.48,138.69,123.5407,7990.81217391304,28091.53,20.086,1.1647,12272.03,0.9748,1.3091,6.889,5.187,7.8492,96.55
2022-09-01,3966.85,11785.13,87.09,20112.51,139.93,124.4045,7746.01136363636,27661.47,20.22,1.1541,12274.62,0.9838,1.316,6.9066,5.2238,7.8481,92.24
2022-09-02,3924.26,11630.86,87.29,19946.87,140.03,123.7771,7746.01136363636,27650.84,19.927,1.1582,12098.44,0.9801,1.3089,6.8985,5.172,7.8494,93.09
2022-09-03,3924.26,11630.86,87.29,19840.11,140.03,123.7771,7746.01136363636,27650.84,19.927,1.1582,12098.44,0.9801,1.3089,6.8985,5.172,7.8494,93.09
2022-09-04,3924.26,11630.86,87.29,20006.54,140.03,123.7771,7746.01136363636,27650.84,19.927,1.1582,12098.44,0.9801,1.3089,6.8985,5.172,7.8494,93.09
2022-09-05,3924.26,11630.86,87.29,19807.74,140.03,123.7771,7746.01136363636,27619.61,19.927,1.1582,12098.44,0.9801,1.3089,6.8985,5.172,7.8494,94.22
2022-09-06,3908.19,11544.91,87.35,18777.0,142.95,124.7719,7746.01136363636,27626.51,20.109,1.1549,12011.31,0.9839,1.3122,6.9532,5.2305,7.8498,91.43
2022-09-07,3979.87,11791.9,82.5,19286.23,144.39,124.8457,7746.01136363636,27430.3,20.026,1.1473,12259.39,0.9808,1.3166,6.965,5.248,7.8498,86.83
2022-09-08,4006.18,11862.13,84.04,19320.01,144.05,124.584,7746.01136363636,28065.28,19.985,1.1489,12321.19,0.9726,1.3118,6.9562,5.2196,7.849,87.99
2022-09-09,4067.36,12112.31,87.27,21355.55,142.44,123.7954,7746.01136363636,28214.75,19.887,1.16,12588.29,0.9604,1.3036,6.924,5.1541,7.849,91.68
2022-09-10,4067.36,12112.31,87.27,21660.39,142.44,123.7954,7746.01136363636,28214.75,19.887,1.16,12588.29,0.9604,1.3036,6.924,5.1541,7.849,91.68
2022-09-11,4067.36,12112.31,87.27,21818.08,142.44,123.7954,7746.01136363636,28214.75,19.887,1.16,12588.29,0.9604,1.3036,6.924,5.1541,7.849,91.68
2022-09-12,4110.41,12266.41,88.18,22412.6,142.41,123.3441,7746.01136363636,28542.11,19.8,1.1701,12739.72,0.9519,1.2976,6.9265,5.1562,7.8485,93.45
2022-09-13,3932.69,11633.57,87.84,20164.09,144.3,124.4342,7746.01136363636,28614.63,20.066,1.1526,12033.62,0.9608,1.3123,6.9245,5.186,7.8494,92.04
2022-09-14,3946.01,11719.68,88.88,20216.63,142.93,124.4593,7746.01136363636,27818.62,19.953,1.1564,12134.4,0.9612,1.3156,6.9612,5.1755,7.8486,92.83
2022-09-15,3901.35,11552.36,85.72,19690.75,143.57,124.8944,7746.01136363636,27875.91,20.067,1.1472,11927.49,0.9607,1.3204,6.9934,5.233,7.8489,89.28
2022-09-16,3873.33,11448.4,85.57,19784.17,143.04,124.8879,7746.01136363636,27567.65,20.017,1.1419,11861.38,0.9647,1.3273,6.9799,5.287,7.8494,89.43
2022-09-17,3873.33,11448.4,85.57,20117.18,143.04,124.8879,7746.01136363636,27567.65,20.017,1.1419,11861.38,0.9647,1.3273,6.9799,5.287,7.8494,89.43
2022-09-18,3873.33,11448.4,85.57,19425.05,143.04,124.8879,7746.01136363636,27567.65,20.017,1.1419,11861.38,0.9647,1.3273,6.9799,5.287,7.8494,89.43
2022-09-19,3899.89,11535.02,86.15,19553.1,143.34,125.0177,7746.01136363636,27567.65,20.0,1.1403,11953.27,0.9663,1.3287,7.005,5.1762,7.8492,89.43
2022-09-20,3855.93,11425.05,84.69,18869.22,143.64,125.1324,7746.01136363636,27688.42,19.995,1.1405,11851.54,0.9628,1.3339,7.0176,5.1516,7.8497,89.62
2022-09-21,3789.93,11220.19,83.38,18488.54,144.14,125.7464,7746.01136363636,27313.13,19.995,1.133,11637.79,0.9652,1.3397,7.0479,5.1806,7.8498,89.86
2022-09-22,3757.99,11066.81,84.02,19402.35,142.16,126.1668,7746.01136363636,27153.83,19.964,1.1269,11501.65,0.9806,1.3499,7.0772,5.1742,7.8492,90.4
2022-09-23,3693.23,10867.93,79.07,19304.43,143.18,127.2867,7746.01136363636,27153.83,20.176,1.0921,11311.24,0.9816,1.3581,7.1266,5.237,7.8498,84.29
2022-09-24,3693.23,10867.93,79.07,18944.06,143.18,127.2867,7746.01136363636,27153.83,20.176,1.0921,11311.24,0.9816,1.3581,7.1266,5.237,7.8498,84.29
2022-09-25,3693.23,10867.93,79.07,18788.61,143.18,127.2867,7746.01136363636,27153.83,20.176,1.0921,11311.24,0.9816,1.3581,7.1266,5.237,7.8498,84.29
2022-09-26,3655.04,10802.92,77.17,19224.81,144.45,128.4544,7746.01136363636,26431.55,20.373,1.0703,11254.11,0.9924,1.3745,7.1384,5.3914,7.8498,82.55
2022-09-27,3647.29,10829.5,78.91,19072.97,144.71,128.4399,7746.01136363636,26571.87,20.316,1.0753,11271.75,0.9896,1.3738,7.176,5.3595,7.8498,85.97
2022-09-28,3719.04,11051.64,82.61,19407.62,144.15,128.0937,7746.01136363636,26173.98,20.305,1.0832,11493.83,0.9756,1.3648,7.199,5.3636,7.8497,89.55
2022-09-29,3640.47,10737.51,81.78,19610.61,144.45,127.5463,7746.01136363636,26422.05,20.15,1.1048,11164.78,0.9798,1.37,7.1196,5.3943,7.8498,89.41
2022-09-30,3585.62,10575.62,79.91,19415.8,144.71,127.5159,7746.01136363636,25937.21,20.115,1.1134,10971.22,0.9845,1.3752,7.1135,5.4008,7.8498,88.9
2022-10-01,3585.62,10575.62,79.91,19308.76,144.71,127.5159,7651.08285714286,25937.21,20.115,1.1134,10971.22,0.9845,1.3752,7.1135,5.4008,7.8498,88.9
2022-10-02,3585.62,10575.62,79.91,19072.29,144.71,127.5159,7651.08285714286,25937.21,20.115,1.1134,10971.22,0.9845,1.3752,7.1135,5.4008,7.8498,88.9
2022-10-03,3678.43,10815.43,84.05,19640.84,144.5,127.0793,7651.08285714286,26215.79,20.033,1.1272,11229.73,0.9929,1.3651,7.1103,5.1823,7.8499,90.68
2022-10-04,3790.93,11176.41,86.87,20344.37,144.32,126.184,7651.08285714286,26992.21,19.97,1.1446,11582.54,0.9806,1.3551,7.1103,5.1523,7.8499,93.74
2022-10-05,3783.28,11148.64,88.22,20152.33,144.73,126.863,7651.08285714286,27120.53,20.107,1.1275,11573.18,0.9838,1.3662,7.1103,5.2205,7.8497,94.35
2022-10-06,3744.52,11073.31,88.9,19962.19,144.94,127.2481,7651.08285714286,27311.3,20.111,1.1133,11485.5,0.9899,1.3732,7.1103,5.2052,7.8498,95.65
2022-10-07,3639.66,10652.4,93.07,19524.22,145.19,127.3093,7651.08285714286,27116.11,20.03,1.1116,11039.47,0.9914,1.3692,7.1103,5.2151,7.8499,98.88
2022-10-08,3639.66,10652.4,93.07,19409.72,145.19,127.3093,7651.08285714286,27116.11,20.03,1.1116,11039.47,0.9914,1.3692,7.1103,5.2151,7.8499,98.88
2022-10-09,3639.66,10652.4,93.07,19437.02,145.19,127.3093,7651.08285714286,27116.11,20.03,1.1116,11039.47,0.9914,1.3692,7.1103,5.2151,7.8499,98.88
2022-10-10,3612.39,10542.1,91.6,19104.67,145.19,127.3093,7651.08285714286,27116.11,20.03,1.1116,10926.97,0.9914,1.3692,7.1103,5.2151,7.8499,97.13
2022-10-11,3588.84,10426.19,89.75,19069.69,145.55,127.6614,7651.08285714286,26401.25,19.947,1.1168,10791.35,0.994,1.3737,7.1639,5.2105,7.8499,95.17
2022-10-12,3577.03,10417.1,87.83,19157.32,146.87,128.1456,7651.08285714286,26396.83,20.025,1.1096,10785.62,0.998,1.3797,7.172,5.2929,7.8499,93.44
2022-10-13,3669.91,10649.15,89.59,19382.53,147.15,127.7276,7651.08285714286,26237.42,19.992,1.1344,11033.58,0.9987,1.3744,7.17,5.2779,7.8497,95.16
2022-10-14,3583.07,10321.39,86.1,19187.64,148.46,128.3303,7651.08285714286,27090.76,20.068,1.1208,10692.06,1.0049,1.3873,7.1895,5.298,7.8498,92.22
2022-10-15,3583.07,10321.39,86.1,19074.41,148.46,128.3303,7651.08285714286,27090.76,20.068,1.1208,10692.06,1.0049,1.3873,7.1895,5.298,7.8498,92.22
2022-10-16,3583.07,10321.39,86.1,19270.79,148.46,128.3303,7651.08285714286,27090.76,20.068,1.1208,10692.06,1.0049,1.3873,7.1895,5.298,7.8498,92.22
2022-10-17,3677.95,10675.8,86.0,19565.96,148.71,127.6478,7651.08285714286,26775.79,19.978,1.1427,11062.53,0.9953,1.3723,7.1946,5.2606,7.8499,91.04
2022-10-18,3719.98,10772.4,83.29,19334.77,149.23,127.9184,7651.08285714286,27156.14,20.04,1.1307,11147.74,0.9962,1.379,7.2001,5.2905,7.8498,89.46
2022-10-19,3695.16,10680.51,86.0,19122.17,149.77,128.3992,7651.08285714286,27257.38,20.126,1.1232,11103.38,1.0039,1.3783,7.228,5.2816,7.8499,91.34
2022-10-20,3665.78,10614.84,86.02,19046.77,149.82,128.0084,7651.08285714286,27006.96,20.031,1.1288,11046.71,1.0003,1.3715,7.2129,5.2053,7.8494,91.52
2022-10-21,3752.75,10859.72,85.47,19172.57,146.35,127.6758,7651.08285714286,26890.58,19.898,1.1292,11310.33,0.9981,1.3673,7.2399,5.175,7.8497,91.82
2022-10-22,3752.75,10859.72,85.47,19210.62,146.35,127.6758,7651.08285714286,26890.58,19.898,1.1292,11310.33,0.9981,1.3673,7.2399,5.175,7.8497,91.82
2022-10-23,3752.75,10859.72,85.47,19563.5,146.35,127.6758,7651.08285714286,26890.58,19.898,1.1292,11310.33,0.9981,1.3673,7.2399,5.175,7.8497,91.82
2022-10-24,3797.34,10952.61,86.12,19332.45,148.76,128.0351,7651.08285714286,26974.9,19.945,1.1295,11430.26,1.0007,1.3704,7.2629,5.2768,7.8497,91.57
2022-10-25,3859.11,11199.12,86.93,20113.74,147.85,127.384,7651.08285714286,27250.28,19.867,1.1469,11669.99,0.9961,1.3616,7.2688,5.2898,7.8499,91.76
2022-10-26,3830.6,10970.99,89.39,20760.56,146.5,126.481,7651.08285714286,27431.84,19.866,1.1615,11405.9,0.9865,1.3551,7.171,5.3228,7.8497,92.93
2022-10-27,3807.3,10792.67,89.06,20287.17,146.02,126.7102,7651.08285714286,27345.24,19.838,1.1574,11191.63,0.9899,1.3532,7.2239,5.2839,7.8493,94.17
2022-10-28,3901.06,11102.45,87.85,20594.01,147.68,127.2196,7651.08285714286,27105.2,19.824,1.1573,11546.21,0.9968,1.3622,7.2499,5.3547,7.8494,94.64
2022-10-29,3901.06,11102.45,87.85,20831.19,147.68,127.2196,7651.08285714286,27105.2,19.824,1.1573,11546.21,0.9968,1.3622,7.2499,5.3547,7.8494,94.64
2022-10-30,3901.06,11102.45,87.85,20634.95,147.68,127.2196,7651.08285714286,27105.2,19.824,1.1573,11546.21,0.9968,1.3622,7.2499,5.3547,7.8494,94.64
2022-10-31,3871.98,10988.15,86.54,20472.79,148.63,127.6272,7651.08285714286,27587.46,19.848,1.1515,11405.57,1.0006,1.3639,7.3048,5.2464,7.8498,93.3
2022-11-01,3856.1,10890.85,88.36,20479.49,148.11,127.4011,8049.86136363636,27678.92,19.735,1.146,11288.95,0.9995,1.3639,7.273,5.1073,7.8496,95.12
2022-11-02,3759.69,10524.8,90.06,20148.56,147.11,127.3138,8049.86136363636,27663.39,19.665,1.1467,10906.34,0.9988,1.3628,7.289,5.1432,7.8494,96.07
2022-11-03,3719.89,10342.94,88.14,20205.32,148.18,128.1712,8049.86136363636,27663.39,19.675,1.1183,10690.6,1.0131,1.3729,7.3,5.1005,7.8498,95.29
2022-11-04,3770.55,10475.25,92.58,21157.96,147.22,127.149,8049.86136363636,27199.74,19.532,1.1279,10857.03,0.9981,1.3528,7.2996,5.0443,7.8499,99.53
2022-11-05,3770.55,10475.25,92.58,21304.72,147.22,127.149,8049.86136363636,27199.74,19.532,1.1279,10857.03,0.9981,1.3528,7.2996,5.0443,7.8499,99.53
2022-11-06,3770.55,10475.25,92.58,20912.34,147.22,127.149,8049.86136363636,27199.74,19.532,1.1279,10857.03,0.9981,1.3528,7.2996,5.0443,7.8499,99.53
2022-11-07,3806.8,10564.52,91.8,20578.77,146.64,126.3098,8049.86136363636,27527.64,19.467,1.1463,10977.0,0.9906,1.3497,7.2266,5.1222,7.8498,99.87
2022-11-08,3828.11,10616.2,88.8,18561.6,145.38,125.64,8049.86136363636,27872.11,19.464,1.1595,11059.5,0.9842,1.3389,7.2485,5.1422,7.8498,96.85
2022-11-09,3748.57,10353.17,85.79,15850.62,146.15,125.9926,8049.86136363636,27716.43,19.571,1.1396,10797.55,0.9836,1.3453,7.2401,5.1499,7.8493,93.05
2022-11-10,3956.37,11114.15,86.52,17573.15,141.78,124.7142,8049.86136363636,27446.1,19.37,1.1677,11605.96,0.9672,1.3362,7.184,5.3287,7.8454,94.25
2022-11-11,3992.93,11323.33,89.14,16997.14,141.78,124.7142,8049.86136363636,28263.57,19.37,1.1677,11817.01,0.9672,1.3362,7.184,5.3287,7.8454,96.37
2022-11-12,3992.93,11323.33,89.14,16777.73,141.78,124.7142,8049.86136363636,28263.57,19.37,1.1677,11817.01,0.9672,1.3362,7.184,5.3287,7.8454,96.37
2022-11-13,3992.93,11323.33,89.14,16290.62,141.78,124.7142,8049.86136363636,28263.57,19.37,1.1677,11817.01,0.9672,1.3362,7.184,5.3287,7.8454,96.37
2022-11-14,3957.25,11196.22,85.85,16576.49,140.43,123.4425,8049.86136363636,27963.47,19.392,1.1728,11700.94,0.9427,1.3295,7.071,5.3173,7.837,93.59
2022-11-15,3991.73,11358.41,86.87,16869.14,139.36,123.0534,8049.86136363636,27990.17,19.381,1.189,11871.15,0.9444,1.328,7.044,5.333,7.8249,94.3
2022-11-16,3958.79,11183.66,85.62,16660.48,139.59,123.2964,8049.86136363636,28028.3,19.314,1.1889,11699.09,0.9445,1.3343,7.0964,5.3542,7.8235,92.61
2022-11-17,3946.56,11144.96,81.69,16677.36,140.45,123.9929,8049.86136363636,27930.57,19.44,1.1812,11676.86,0.954,1.3343,7.1551,5.4584,7.8267,91.0
2022-11-18,3965.34,11146.06,80.07,16673.07,140.03,123.8678,8049.86136363636,27899.77,19.487,1.1902,11677.02,0.9522,1.3379,7.1192,5.3757,7.8229,88.93
2022-11-19,3965.34,11146.06,80.07,16667.74,140.03,123.8678,8049.86136363636,27899.77,19.487,1.1902,11677.02,0.9522,1.3379,7.1192,5.3757,7.8229,88.93
2022-11-20,3965.34,11146.06,80.07,16261.22,140.03,123.8678,8049.86136363636,27899.77,19.487,1.1902,11677.02,0.9522,1.3379,7.1192,5.3757,7.8229,88.93
2022-11-21,3949.94,11024.51,79.74,15755.75,141.95,124.7143,8049.86136363636,27944.79,19.542,1.1785,11553.45,0.9586,1.3483,7.164,5.3335,7.802,88.44
2022-11-22,4003.58,11174.41,80.83,16206.32,141.29,124.251,8049.86136363636,28115.74,19.451,1.188,11724.84,0.9531,1.3401,7.1388,5.3571,7.8168,88.65
2022-11-23,4027.26,11285.32,77.93,16597.46,139.76,123.7739,8049.86136363636,28115.74,19.373,1.204,11838.72,0.9432,1.3416,7.158,5.3905,7.8189,85.9
2022-11-24,4027.26,11285.32,77.93,16579.3,139.76,123.7739,8049.86136363636,28383.09,19.373,1.204,11838.72,0.9432,1.3416,7.158,5.3905,7.8189,85.59
2022-11-25,4026.12,11226.36,76.45,16508.49,139.21,123.3547,8049.86136363636,28283.03,19.333,1.2102,11756.03,0.9459,1.337,7.1642,5.3838,7.8164,83.4
2022-11-26,4026.12,11226.36,76.45,16452.39,139.21,123.3547,8049.86136363636,28283.03,19.333,1.2102,11756.03,0.9459,1.337,7.1642,5.3838,7.8164,83.4
2022-11-27,4026.12,11226.36,76.45,16428.77,139.21,123.3547,8049.86136363636,28283.03,19.333,1.2102,11756.03,0.9459,1.337,7.1642,5.3838,7.8164,83.4
2022-11-28,3963.94,11049.5,77.1,16193.89,138.67,123.6181,8049.86136363636,28162.83,19.308,1.2041,11587.75,0.9463,1.3433,7.2074,5.368,7.8171,83.5
2022-11-29,3957.63,10983.78,77.96,16441.63,138.28,123.6703,8049.86136363636,28027.84,19.22,1.1996,11503.45,0.9506,1.3636,7.1568,5.2945,7.8109,83.22
2022-11-30,4080.11,11468.0,80.48,17179.78,139.31,123.5276,8049.86136363636,27968.99,19.366,1.1962,12030.06,0.9486,1.3538,7.0879,5.2563,7.805,85.61
2022-12-01,4076.57,11482.45,81.06,16980.55,135.55,122.0147,8371.09136363636,28226.08,19.15,1.2252,12041.89,0.9377,1.3427,7.0424,5.1868,7.7778,86.28
2022-12-02,4071.7,11461.5,79.86,17099.27,134.89,122.0218,8371.09136363636,27777.9,19.342,1.2292,11994.26,0.9369,1.3448,7.019,5.21,7.7844,86.54
2022-12-03,4071.7,11461.5,79.86,16883.68,134.89,122.0218,8371.09136363636,27777.9,19.342,1.2292,11994.26,0.9369,1.3448,7.019,5.21,7.7844,86.54
2022-12-04,4071.7,11461.5,79.86,17102.35,134.89,122.0218,8371.09136363636,27777.9,19.342,1.2292,11994.26,0.9369,1.3448,7.019,5.21,7.7844,86.54
2022-12-05,3998.84,11239.94,76.83,16970.79,136.55,122.6511,8371.09136363636,27820.4,19.76,1.2169,11786.8,0.9421,1.3571,6.961,5.2611,7.7693,83.36
2022-12-06,3941.26,11014.89,74.21,17089.95,136.67,123.0319,8371.09136363636,27885.87,19.845,1.2202,11549.69,0.9406,1.3652,6.9935,5.2415,7.7739,79.92
2022-12-07,3933.92,10958.55,71.93,16844.05,136.57,122.7716,8371.09136363636,27686.4,19.702,1.2194,11497.39,0.9401,1.364,6.9702,5.2187,7.7856,77.11
2022-12-08,3963.51,11082.0,71.3,17228.23,136.45,122.4275,8371.09136363636,27574.43,19.673,1.2235,11637.5,0.9358,1.3574,6.9649,5.2003,7.7832,76.02
2022-12-09,3934.38,11004.62,71.05,17129.01,136.4,122.4343,8371.09136363636,27901.01,19.797,1.2311,11563.33,0.932,1.3604,6.9559,5.2365,7.7852,76.37
2022-12-10,3934.38,11004.62,71.05,17131.03,136.4,122.4343,8371.09136363636,27901.01,19.797,1.2311,11563.33,0.932,1.3604,6.9559,5.2365,7.7852,76.37
2022-12-11,3934.38,11004.62,71.05,17087.42,136.4,122.4343,8371.09136363636,27901.01,19.797,1.2311,11563.33,0.932,1.3604,6.9559,5.2365,7.7852,76.37
2022-12-12,3990.56,11143.74,72.96,17209.62,137.47,122.7861,8371.09136363636,27842.33,19.821,1.2285,11706.44,0.9356,1.3654,6.9773,5.3344,7.7752,78.0
2022-12-13,4019.65,11256.81,75.44,17763.65,135.14,121.8644,8371.09136363636,27954.85,19.641,1.2375,11834.21,0.9268,1.353,6.943,5.269,7.7746,80.14
2022-12-14,3995.32,11170.89,77.14,17815.79,134.95,121.8391,8371.09136363636,28156.21,19.698,1.2408,11740.92,0.9238,1.3567,6.9498,5.2997,7.7731,83.33
2022-12-15,3895.75,10810.53,75.89,17358.0,137.92,122.5684,8371.09136363636,28051.7,19.786,1.2206,11345.22,0.9288,1.3649,6.9716,5.3285,7.7756,82.34
2022-12-16,3852.36,10705.41,74.19,16627.33,136.55,122.6647,8371.09136363636,27527.12,19.787,1.2168,11243.72,0.9324,1.369,6.9708,5.2725,7.7826,80.2
2022-12-17,3852.36,10705.41,74.19,16785.87,136.55,122.6647,8371.09136363636,27527.12,19.787,1.2168,11243.72,0.9324,1.369,6.9708,5.2725,7.7826,80.2
2022-12-18,3852.36,10705.41,74.19,16754.6,136.55,122.6647,8371.09136363636,27527.12,19.787,1.2168,11243.72,0.9324,1.369,6.9708,5.2725,7.7826,80.2
2022-12-19,3817.66,10546.03,75.05,16453.07,136.87,122.5438,8371.09136363636,27237.64,19.726,1.218,11084.59,0.9303,1.3638,6.9772,5.3097,7.7782,81.66
2022-12-20,3821.62,10547.11,75.92,16893.02,131.08,122.1502,8371.09136363636,26568.03,19.795,1.2146,11072.42,0.9259,1.3618,6.96,5.2006,7.7868,79.45
2022-12-21,3878.44,10709.37,78.17,16821.03,132.36,122.2965,8371.09136363636,26387.72,19.715,1.2072,11235.88,0.9277,1.3622,6.981,5.1955,7.7941,80.25
2022-12-22,3822.39,10476.12,77.68,16819.21,132.34,122.2525,8371.09136363636,26507.87,19.592,1.2032,10956.14,0.931,1.3653,6.9829,5.1655,7.7979,79.58
2022-12-23,3844.82,10497.86,79.57,16776.77,132.78,121.9843,8371.09136363636,26235.25,19.43,1.2054,10985.45,0.9335,1.3587,6.988,5.1368,7.8038,82.45
2022-12-24,3844.82,10497.86,79.57,16833.61,132.78,121.9843,8371.09136363636,26235.25,19.43,1.2054,10985.45,0.9335,1.3587,6.988,5.1368,7.8038,82.45
2022-12-25,3844.82,10497.86,79.57,16831.17,132.78,121.9843,8371.09136363636,26235.25,19.43,1.2054,10985.45,0.9335,1.3587,6.988,5.1368,7.8038,82.45
2022-12-26,3844.82,10497.86,79.57,16940.82,132.78,121.9843,8371.09136363636,26405.87,19.43,1.2054,10985.45,0.9335,1.3587,6.988,5.1368,7.8038,82.45
2022-12-27,3829.25,10353.23,79.45,16693.38,133.43,121.767,8371.09136363636,26447.87,19.4,1.2032,10822.51,0.9285,1.3504,6.96,5.279,7.8002,82.45
2022-12-28,3783.22,10213.29,78.89,16539.02,134.27,122.02,8371.09136363636,26340.5,19.398,1.2034,10679.34,0.9275,1.3588,6.9774,5.2675,7.7948,81.7
2022-12-29,3849.28,10478.09,78.43,16626.11,133.16,121.6713,8371.09136363636,26093.67,19.357,1.206,10951.05,0.9233,1.3546,6.9625,5.2547,7.7962,80.96
2022-12-30,3839.5,10466.48,80.16,16606.43,131.81,121.4392,8371.09136363636,26094.5,19.496,1.2077,10939.76,0.9241,1.3532,6.8972,5.286,7.8015,82.82
2022-12-31,3839.5,10466.48,80.16,16531.0,131.81,121.4392,8371.09136363636,26094.5,19.496,1.2077,10939.76,0.9241,1.3532,6.8972,5.286,7.8015,82.82
2023-01-01,3839.5,10466.48,80.16,16615.18,131.81,121.4392,9007.34636363636,26094.5,19.496,1.2077,10939.76,0.9241,1.3532,6.8972,5.286,7.8015,82.82
2023-01-02,3839.5,10466.48,80.16,16660.83,131.81,121.4392,9007.34636363636,26094.5,19.496,1.2077,10939.76,0.9241,1.3532,6.8972,5.286,7.8015,82.82
2023-01-03,3824.14,10386.98,76.87,16670.38,130.83,122.0844,9007.34636363636,26094.5,19.421,1.197,10862.64,0.9368,1.3664,6.9135,5.4257,7.8119,80.36
2023-01-04,3852.97,10458.76,72.82,16850.4,132.0,121.5108,9007.34636363636,25716.86,19.33,1.2063,10914.8,0.9271,1.3492,6.8875,5.443,7.8183,75.31
2023-01-05,3808.1,10305.24,73.61,16824.98,133.57,122.0786,9007.34636363636,25820.8,19.375,1.1902,10741.22,0.9364,1.3579,6.88,5.384,7.8105,76.73
2023-01-06,3895.08,10569.29,73.77,16950.6,132.21,121.0814,9007.34636363636,25973.85,19.172,1.2064,11040.35,0.9293,1.3452,6.837,5.2533,7.806,76.41
2023-01-07,3895.08,10569.29,73.77,16945.34,132.21,121.0814,9007.34636363636,25973.85,19.172,1.2064,11040.35,0.9293,1.3452,6.837,5.2533,7.806,76.41
2023-01-08,3895.08,10569.29,73.77,17134.34,132.21,121.0814,9007.34636363636,25973.85,19.172,1.2064,11040.35,0.9293,1.3452,6.837,5.2533,7.806,76.41
2023-01-09,3892.09,10635.65,74.69,17181.15,131.58,120.1403,9007.34636363636,25973.85,19.176,1.2206,11108.45,0.918,1.3372,6.77,5.2648,7.8042,77.5
2023-01-10,3919.25,10742.63,75.11,17444.75,132.25,120.234,9007.34636363636,26175.56,19.105,1.2155,11205.78,0.9225,1.3433,6.777,5.2159,7.8085,78.4
2023-01-11,3969.61,10931.67,77.46,17942.22,132.58,120.1445,9007.34636363636,26446.0,19.018,1.2125,11402.52,0.9299,1.3422,6.77,5.195,7.813,81.11
2023-01-12,3983.17,11001.1,78.32,18863.74,129.75,119.4108,9007.34636363636,26449.82,18.875,1.2182,11459.61,0.9288,1.338,6.7365,5.112,7.8086,82.59
2023-01-13,3999.09,11079.16,79.9,19909.21,127.85,119.1422,9007.34636363636,26119.52,18.785,1.2194,11541.48,0.9284,1.3413,6.701,5.0968,7.81,83.43
2023-01-14,3999.09,11079.16,79.9,20970.85,127.85,119.1422,9007.34636363636,26119.52,18.785,1.2194,11541.48,0.9284,1.3413,6.701,5.0968,7.81,83.43
2023-01-15,3999.09,11079.16,79.9,20871.25,127.85,119.1422,9007.34636363636,26119.52,18.785,1.2194,11541.48,0.9284,1.3413,6.701,5.0968,7.81,83.43
2023-01-16,3999.09,11079.16,79.9,21186.93,127.85,119.1422,9007.34636363636,25822.32,18.785,1.2194,11541.48,0.9284,1.3413,6.701,5.0968,7.81,82.65
2023-01-17,3990.97,11095.11,80.25,21153.37,128.18,119.2186,9007.34636363636,26138.68,18.74,1.2264,11557.19,0.9215,1.338,6.7723,5.0974,7.8179,84.38
2023-01-18,3928.86,10957.01,79.53,20710.89,128.45,119.08,9007.34636363636,26791.12,18.748,1.2369,11410.29,0.914,1.3436,6.7534,5.1288,7.8218,83.78
2023-01-19,3898.85,10852.27,80.31,21088.14,128.48,119.6033,9007.34636363636,26405.23,19.066,1.2366,11295.67,0.9162,1.3494,6.7738,5.2233,7.8289,85.08
2023-01-20,3972.61,11140.43,81.27,22686.85,129.97,119.3588,9007.34636363636,26553.53,18.912,1.2374,11619.03,0.9221,1.3416,6.7825,5.2109,7.8263,86.96
2023-01-21,3972.61,11140.43,81.27,22785.59,129.97,119.3588,9007.34636363636,26553.53,18.912,1.2374,11619.03,0.9221,1.3416,6.7825,5.2109,7.8263,86.96
2023-01-22,3972.61,11140.43,81.27,22706.71,129.97,119.3588,9007.34636363636,26553.53,18.912,1.2374,11619.03,0.9221,1.3416,6.7825,5.2109,7.8263,86.96
2023-01-23,4019.81,11364.41,81.62,22915.32,130.69,119.1671,9007.34636363636,26906.04,18.824,1.237,11872.54,0.9231,1.3384,6.7899,5.1884,7.8291,87.54
2023-01-24,4016.95,11334.27,79.86,22612.34,130.07,119.1174,9007.34636363636,27299.19,18.841,1.2323,11846.64,0.923,1.3369,6.7899,5.1405,7.8311,85.25
2023-01-25,4016.22,11313.36,79.78,23072.42,129.64,118.995,9007.34636363636,27395.01,18.844,1.2374,11814.69,0.9199,1.3413,6.7899,5.0902,7.8309,85.08
2023-01-26,4060.43,11512.41,80.64,23028.35,130.4,119.0472,9007.34636363636,27362.75,18.836,1.237,12051.48,0.921,1.3348,6.7899,5.0875,7.8284,86.29
2023-01-27,4070.56,11621.71,79.73,23072.62,129.94,118.9521,9007.34636363636,27382.56,18.773,1.2379,12166.6,0.9218,1.3314,6.7899,5.0902,7.828,85.36
2023-01-28,4070.56,11621.71,79.73,23034.71,129.94,118.9521,9007.34636363636,27382.56,18.773,1.2379,12166.6,0.9218,1.3314,6.7899,5.0902,7.828,85.36
2023-01-29,4070.56,11621.71,79.73,23736.52,129.94,118.9521,9007.34636363636,27382.56,18.773,1.2379,12166.6,0.9218,1.3314,6.7899,5.0902,7.828,85.36
2023-01-30,4017.77,11393.81,77.97,22832.32,130.34,118.9079,9007.34636363636,27433.4,18.77,1.2373,11912.39,0.9231,1.335,6.7501,5.1024,7.8358,84.9
2023-01-31,4076.6,11584.55,78.95,23134.74,130.17,118.991,9007.34636363636,27327.11,18.798,1.2324,12101.93,0.9186,1.3333,6.754,5.0934,7.8384,83.42
2023-02-01,4119.21,11816.32,76.34,23740.02,129.27,118.6396,8936.587,27346.88,18.708,1.2308,12363.1,0.9147,1.3335,6.7406,5.0746,7.8412,81.61
2023-02-02,4179.76,12200.82,75.87,23548.98,128.45,118.349,8936.587,27402.05,18.618,1.226,12803.14,0.912,1.3317,6.7266,5.0138,7.843,80.57
2023-02-03,4136.48,12006.95,73.4,23426.4,131.07,119.5014,8936.587,27509.46,18.883,1.2073,12573.36,0.925,1.3395,6.7733,5.1339,7.8461,78.85
2023-02-04,4136.48,12006.95,73.4,23318.95,131.07,119.5014,8936.587,27509.46,18.883,1.2073,12573.36,0.925,1.3395,6.7733,5.1339,7.8461,78.85
2023-02-05,4136.48,12006.95,73.4,22938.03,131.07,119.5014,8936.587,27509.46,18.883,1.2073,12573.36,0.925,1.3395,6.7733,5.1339,7.8461,78.85
2023-02-06,4111.08,11887.45,74.11,22751.79,132.76,120.5116,8936.587,27693.65,19.21,1.2009,12464.51,0.9278,1.3442,6.7918,5.2025,7.8466,80.48
2023-02-07,4164.0,12113.79,77.17,23260.42,131.37,120.3298,8936.587,27685.47,19.03,1.2013,12728.27,0.9239,1.344,6.791,5.1868,7.8475,82.92
2023-02-08,4117.86,11910.52,78.47,22973.38,131.27,120.139,8936.587,27606.46,18.957,1.2093,12495.38,0.9198,1.343,6.789,5.2183,7.8498,84.17
2023-02-09,4081.5,11789.58,78.04,21804.16,130.98,119.9785,8936.587,27584.35,18.959,1.2157,12381.17,0.9192,1.3428,6.7782,5.2528,7.8498,83.46
2023-02-10,4090.46,11718.12,79.74,21629.58,131.5,120.1531,8936.587,27670.98,18.708,1.2061,12304.92,0.9246,1.3363,6.8106,5.2528,7.8499,85.46
2023-02-11,4090.46,11718.12,79.74,21857.51,131.5,120.1531,8936.587,27670.98,18.708,1.2061,12304.92,0.9246,1.3363,6.8106,5.2528,7.8499,85.46
2023-02-12,4090.46,11718.12,79.74,21784.08,131.5,120.1531,8936.587,27670.98,18.708,1.2061,12304.92,0.9246,1.3363,6.8106,5.2528,7.8499,85.46
2023-02-13,4137.29,11891.79,80.14,21786.33,132.71,120.0145,8936.587,27427.32,18.626,1.2136,12502.31,0.9207,1.3348,6.8198,5.1822,7.8499,85.98
2023-02-14,4136.13,11960.15,79.08,22193.69,133.05,119.9601,8936.587,27602.77,18.541,1.2157,12590.89,0.9224,1.3367,6.8255,5.1738,7.8499,84.96
2023-02-15,4147.6,12070.59,78.57,24340.76,134.22,120.4926,8936.587,27501.86,18.601,1.2031,12687.89,0.9238,1.3401,6.851,5.2172,7.8485,84.11
2023-02-16,4090.41,11855.83,78.45,23468.21,133.95,120.5069,8936.587,27696.44,18.513,1.2018,12442.48,0.9245,1.3451,6.859,5.2313,7.8492,83.84
2023-02-17,4079.09,11787.27,76.31,24562.04,134.21,120.6023,8936.587,27513.13,18.416,1.2012,12358.18,0.9266,1.3487,6.8661,5.1776,7.8447,81.97
2023-02-18,4079.09,11787.27,76.31,24626.23,134.21,120.6023,8936.587,27513.13,18.416,1.2012,12358.18,0.9266,1.3487,6.8661,5.1776,7.8447,81.97
2023-02-19,4079.09,11787.27,76.31,24316.05,134.21,120.6023,8936.587,27513.13,18.416,1.2012,12358.18,0.9266,1.3487,6.8661,5.1776,7.8447,81.97
2023-02-20,4079.09,11787.27,76.31,24835.63,134.21,120.6023,8936.587,27531.94,18.416,1.2012,12358.18,0.9266,1.3487,6.8661,5.1776,7.8447,82.79
2023-02-21,3997.34,11492.3,76.28,24447.91,134.87,120.678,8936.587,27473.1,18.392,1.2111,12060.3,0.9267,1.3515,6.87,5.1674,7.8441,82.14
2023-02-22,3991.05,11507.07,73.95,24187.63,134.77,120.8969,8936.587,27104.32,18.35,1.2064,12066.27,0.9297,1.354,6.8908,5.194,7.8449,79.55
2023-02-23,4012.32,11590.4,75.26,23938.48,134.8,121.141,8936.587,27104.32,18.435,1.2016,12180.14,0.9343,1.3567,6.9075,5.1386,7.8469,82.08
2023-02-24,3970.04,11394.94,76.19,23181.45,136.36,121.6297,8936.587,27453.48,18.399,1.1948,11969.65,0.94,1.3618,6.9545,5.1865,7.8489,82.31
2023-02-25,3970.04,11394.94,76.19,23157.01,136.36,121.6297,8936.587,27453.48,18.399,1.1948,11969.65,0.94,1.3618,6.9545,5.1865,7.8489,82.31
2023-02-26,3970.04,11394.94,76.19,23551.19,136.36,121.6297,8936.587,27453.48,18.399,1.1948,11969.65,0.94,1.3618,6.9545,5.1865,7.8489,82.31
2023-02-27,3982.24,11466.98,75.57,23479.61,136.18,121.4656,8936.587,27423.96,18.408,1.2036,12057.79,0.9375,1.3574,6.945,5.2031,7.8452,81.24
2023-02-28,3970.15,11455.54,76.88,23146.93,136.09,121.4062,8936.587,27445.56,18.345,1.2093,12042.12,0.9376,1.3616,6.9325,5.2283,7.849,83.21
2023-03-01,3951.39,11379.48,77.57,23634.46,135.82,120.6971,8856.31086956522,27516.53,18.095,1.2034,11938.57,0.9387,1.3597,6.8656,5.1965,7.8493,83.68
2023-03-02,3981.35,11462.98,78.05,23469.09,136.84,121.1949,8856.31086956522,27498.87,18.112,1.1942,12044.87,0.942,1.3616,6.9122,5.2033,7.8495,84.15
2023-03-03,4045.64,11689.01,79.62,22343.55,136.09,120.8468,8856.31086956522,27927.47,18.013,1.1996,12290.81,0.9381,1.3609,6.9048,5.2067,7.8498,85.74
2023-03-04,4045.64,11689.01,79.62,22345.17,136.09,120.8468,8856.31086956522,27927.47,18.013,1.1996,12290.81,0.9381,1.3609,6.9048,5.2067,7.8498,85.74
2023-03-05,4045.64,11689.01,79.62,22429.5,136.09,120.8468,8856.31086956522,27927.47,18.013,1.1996,12290.81,0.9381,1.3609,6.9048,5.2067,7.8498,85.74
2023-03-06,4048.42,11675.74,80.39,22419.33,135.93,120.5776,8856.31086956522,28237.78,18.015,1.2048,12302.48,0.9308,1.3606,6.9295,5.168,7.8494,85.86
2023-03-07,3986.37,11530.33,77.45,22198.95,136.9,121.531,8856.31086956522,28309.16,18.131,1.1857,12152.17,0.9413,1.3736,6.9605,5.1933,7.8498,83.03
2023-03-08,3992.01,11576.0,76.56,21712.64,137.18,121.5222,8856.31086956522,28444.19,17.949,1.1837,12215.33,0.9395,1.3784,6.9496,5.1251,7.8498,82.1
2023-03-09,3918.32,11338.35,75.6,20364.09,136.41,121.5225,8856.31086956522,28623.15,18.086,1.1922,11995.88,0.9363,1.3777,6.963,5.1542,7.8498,81.0
2023-03-10,3861.59,11138.89,76.55,20227.02,135.05,121.2963,8856.31086956522,28143.97,18.359,1.2043,11830.28,0.9213,1.3804,6.9025,5.1838,7.8493,82.3
2023-03-11,3861.59,11138.89,76.55,20607.79,135.05,121.2963,8856.31086956522,28143.97,18.359,1.2043,11830.28,0.9213,1.3804,6.9025,5.1838,7.8493,82.3
2023-03-12,3861.59,11138.89,76.55,22284.36,135.05,121.2963,8856.31086956522,28143.97,18.359,1.2043,11830.28,0.9213,1.3804,6.9025,5.1838,7.8493,82.3
2023-03-13,3855.76,11188.84,74.68,24239.87,133.13,120.9157,8856.31086956522,27832.96,18.77,1.216,11923.17,0.9118,1.3687,6.8455,5.2382,7.8414,79.67
2023-03-14,3919.29,11428.15,71.18,24786.83,134.33,121.052,8856.31086956522,27222.04,18.719,1.2146,12199.79,0.9137,1.3676,6.868,5.2565,7.8482,76.77
2023-03-15,3891.93,11434.05,67.38,24350.57,132.81,122.1149,8856.31086956522,27229.48,18.957,1.2032,12251.32,0.9243,1.3799,6.9005,5.3062,7.8494,74.3
2023-03-16,3960.28,11717.28,68.15,25040.11,133.01,121.751,8856.31086956522,27010.61,18.913,1.2111,12581.39,0.9299,1.3761,6.8965,5.28,7.8498,73.12
2023-03-17,3916.64,11630.51,66.61,27442.51,132.01,121.5923,8856.31086956522,27333.79,18.98,1.2141,12519.88,0.9284,1.3753,6.887,5.2813,7.8493,71.03
2023-03-18,3916.64,11630.51,66.61,26991.27,132.01,121.5923,8856.31086956522,27333.79,18.98,1.2141,12519.88,0.9284,1.3753,6.887,5.2813,7.8493,71.03
2023-03-19,3916.64,11630.51,66.61,28050.01,132.01,121.5923,8856.31086956522,27333.79,18.98,1.2141,12519.88,0.9284,1.3753,6.887,5.2813,7.8493,71.03
2023-03-20,3951.57,11675.54,67.56,27818.07,131.59,121.0637,8856.31086956522,26945.67,18.82,1.2257,12562.61,0.9267,1.3686,6.877,5.2475,7.8426,72.42
2023-03-21,4002.87,11860.11,69.4,28195.56,132.27,120.9535,8856.31086956522,26945.67,18.67,1.2195,12741.44,0.9238,1.3732,6.883,5.2458,7.8462,74.78
2023-03-22,3936.97,11669.96,70.71,27324.09,132.67,120.6883,8856.31086956522,27466.61,18.527,1.2232,12567.15,0.9237,1.3722,6.8802,5.2594,7.8472,76.08
2023-03-23,3948.72,11787.4,69.77,28361.31,130.99,119.8174,8856.31086956522,27419.61,18.489,1.2322,12729.23,0.9145,1.3658,6.8188,5.2692,7.8497,74.31
2023-03-24,3970.99,11823.96,69.22,27488.93,130.64,120.5106,8856.31086956522,27385.25,18.498,1.2225,12767.05,0.9181,1.3763,6.8675,5.2506,7.8496,73.63
2023-03-25,3970.99,11823.96,69.22,27485.45,130.64,120.5106,8856.31086956522,27385.25,18.498,1.2225,12767.05,0.9181,1.3763,6.8675,5.2506,7.8496,73.63
2023-03-26,3970.99,11823.96,69.22,27987.14,130.64,120.5106,8856.31086956522,27385.25,18.498,1.2225,12767.05,0.9181,1.3763,6.8675,5.2506,7.8496,73.63
2023-03-27,3977.53,11768.84,72.87,27139.64,131.49,120.3239,8856.31086956522,27476.87,18.392,1.2278,12673.07,0.9163,1.3686,6.8834,5.234,7.8498,76.8
2023-03-28,3971.27,11716.08,73.12,27273.12,130.97,119.7987,8856.31086956522,27518.25,18.242,1.2341,12610.57,0.9198,1.3615,6.8725,5.1678,7.8498,78.07
2023-03-29,4027.81,11926.24,72.95,28366.67,132.69,119.8223,8856.31086956522,27883.78,18.094,1.2313,12846.03,0.9195,1.3575,6.8862,5.1405,7.8497,77.51
2023-03-30,4050.83,12013.47,74.32,28036.88,132.71,119.5103,8856.31086956522,27782.93,18.095,1.2368,12963.14,0.914,1.3536,6.87,5.1203,7.8498,78.45
2023-03-31,4109.31,12221.91,75.68,28492.72,132.75,119.4611,8856.31086956522,28041.48,18.025,1.2369,13181.35,0.9129,1.3525,6.8676,5.0702,7.8499,79.19
2023-04-01,4109.31,12221.91,75.68,28471.82,132.75,119.4611,8809.1575,28041.48,18.025,1.2369,13181.35,0.9129,1.3525,6.8676,5.0702,7.8499,79.19
2023-04-02,4109.31,12221.91,75.68,28179.21,132.75,119.4611,8809.1575,28041.48,18.025,1.2369,13181.35,0.9129,1.3525,6.8676,5.0702,7.8499,79.19
2023-04-03,4124.51,12189.45,80.4,27807.81,132.35,119.4342,8809.1575,28188.15,18.114,1.2403,13148.35,0.913,1.3435,6.8776,5.0683,7.8499,85.81
2023-04-04,4100.6,12126.33,80.7,28172.02,131.6,119.2641,8809.1575,28287.42,18.158,1.2498,13100.07,0.9071,1.3454,6.878,5.0919,7.8498,85.7
2023-04-05,4090.38,11996.86,80.69,28187.68,131.11,119.4068,8809.1575,27813.26,18.308,1.2469,12967.2,0.905,1.3453,6.8781,5.038,7.8498,85.89
2023-04-06,4105.02,12087.96,80.7,28053.47,131.67,119.4229,8809.1575,27472.63,18.211,1.2456,13062.6,0.904,1.3472,6.875,5.0644,7.8497,86.56
2023-04-07,4105.02,12087.96,80.7,27927.15,132.11,119.4673,8809.1575,27518.31,18.135,1.2422,13062.6,0.9049,1.3513,6.875,5.0565,7.8497,86.56
2023-04-08,4105.02,12087.96,80.7,27959.5,132.11,119.4673,8809.1575,27518.31,18.135,1.2422,13062.6,0.9049,1.3513,6.875,5.0565,7.8497,86.56
2023-04-09,4105.02,12087.96,80.7,28337.04,132.11,119.4673,8809.1575,27518.31,18.135,1.2422,13062.6,0.9049,1.3513,6.875,5.0565,7.8497,86.56
2023-04-10,4109.11,12084.36,79.79,29678.68,133.75,119.8962,8809.1575,27633.66,18.161,1.2358,13051.23,0.9112,1.3534,6.8807,5.0832,7.8499,86.56
2023-04-11,4108.94,12031.88,81.54,30243.93,133.63,119.6409,8809.1575,27923.37,18.195,1.2409,12964.15,0.904,1.348,6.8866,5.0078,7.8498,87.32
2023-04-12,4091.95,11929.34,83.26,29913.06,133.25,119.1341,8809.1575,28082.7,18.071,1.2471,12848.35,0.8968,1.345,6.873,4.937,7.8499,88.31
2023-04-13,4146.22,12166.27,82.16,30412.73,132.37,118.5376,8809.1575,28156.97,18.01,1.2531,13109.39,0.8874,1.3344,6.8677,4.902,7.8499,86.51
2023-04-14,4137.64,12123.47,82.58,30493.72,133.74,118.983,8809.1575,28493.47,18.049,1.2417,13079.52,0.8955,1.3379,6.869,4.9385,7.8499,87.31
2023-04-15,4137.64,12123.47,82.58,30319.72,133.74,118.983,8809.1575,28493.47,18.049,1.2417,13079.52,0.8955,1.3379,6.869,4.9385,7.8499,87.31
2023-04-16,4137.64,12123.47,82.58,30328.02,133.74,118.983,8809.1575,28493.47,18.049,1.2417,13079.52,0.8955,1.3379,6.869,4.9385,7.8499,87.31
2023-04-17,4151.32,12157.72,80.93,29449.98,134.51,119.3981,8809.1575,28514.78,18.1014,1.2359,13087.71,0.8994,1.3403,6.8786,4.945,7.8495,85.63
2023-04-18,4154.87,12153.41,80.85,30382.37,134.11,119.2345,8809.1575,28658.83,18.0679,1.2419,13091.79,0.898,1.3391,6.8755,4.9735,7.8499,85.48
2023-04-19,4154.52,12157.23,79.18,28814.51,134.79,119.4377,8809.1575,28606.76,18.0427,1.2442,13088.71,0.8984,1.3454,6.8851,5.0511,7.8495,85.34
2023-04-20,4129.79,12059.56,77.27,28235.24,134.1,119.2525,8809.1575,28657.57,18.0136,1.2448,12985.98,0.8944,1.3459,6.8725,5.0422,7.8498,83.29
2023-04-21,4133.52,12072.46,77.86,27259.0,134.28,119.4472,8809.1575,28564.37,18.01,1.2419,13000.77,0.8926,1.3534,6.892,5.0486,7.8475,83.36
2023-04-22,4133.52,12072.46,77.86,27812.19,134.28,119.4472,8809.1575,28564.37,18.01,1.2419,13000.77,0.8926,1.3534,6.892,5.0486,7.8475,83.36
2023-04-23,4133.52,12072.46,77.86,27582.31,134.28,119.4472,8809.1575,28564.37,18.01,1.2419,13000.77,0.8926,1.3534,6.892,5.0486,7.8475,83.36
2023-04-24,4137.04,12037.2,78.64,27518.81,134.41,119.3486,8809.1575,28593.52,18.0074,1.2457,12969.76,0.8887,1.3543,6.8958,5.0554,7.8488,84.23
2023-04-25,4071.63,11799.16,77.05,28321.6,133.96,119.7551,8809.1575,28620.07,18.066,1.2398,12725.11,0.8925,1.3627,6.932,5.0618,7.8497,82.13
2023-04-26,4055.99,11854.35,74.33,28406.04,133.72,119.4758,8809.1575,28416.47,18.1074,1.2486,12806.48,0.8901,1.3601,6.9261,5.0487,7.8499,79.19
2023-04-27,4135.35,12142.24,74.77,29502.8,134.04,119.5754,8809.1575,28457.68,18.0706,1.2471,13160.03,0.8957,1.3611,6.922,5.0116,7.8498,80.11
2023-04-28,4169.48,12226.58,76.78,29344.36,135.99,119.376,8809.1575,28856.44,17.9973,1.2582,13245.99,0.8911,1.3552,6.911,5.0049,7.8498,81.32
2023-04-29,4169.48,12226.58,76.78,29249.66,135.99,119.376,8809.1575,28856.44,17.9973,1.2582,13245.99,0.8911,1.3552,6.911,5.0049,7.8498,81.32
2023-04-30,4169.48,12226.58,76.78,29271.16,135.99,119.376,8809.1575,28856.44,17.9973,1.2582,13245.99,0.8911,1.3552,6.911,5.0049,7.8498,81.32
2023-05-01,4167.87,12212.6,75.65,28056.44,137.35,119.5845,8243.15608695652,29123.18,17.9157,1.2495,13231.47,0.8961,1.3541,6.9164,4.9889,7.8499,81.32
2023-05-02,4119.58,12080.51,71.71,28682.78,136.46,119.7514,8243.15608695652,29157.95,18.057,1.2475,13113.66,0.8931,1.3627,6.9164,5.041,7.8498,76.71
2023-05-03,4090.75,12025.33,68.62,29047.44,135.31,119.2773,8243.15608695652,29157.95,17.896,1.2547,13030.21,0.8871,1.361,6.9164,5.0133,7.8499,72.91
2023-05-04,4061.22,11966.4,68.52,28861.56,133.76,119.19,8243.15608695652,29157.95,17.956,1.258,12982.48,0.8861,1.357,6.9094,5.0196,7.848,73.0
2023-05-05,4136.25,12235.41,71.32,29514.95,134.85,118.7184,8243.15608695652,29157.95,17.7481,1.265,13259.13,0.8913,1.3419,6.9101,4.9534,7.8477,75.85
2023-05-06,4136.25,12235.41,71.32,28907.66,134.85,118.7184,8243.15608695652,29157.95,17.7481,1.265,13259.13,0.8913,1.3419,6.9101,4.9534,7.8477,75.85
2023-05-07,4136.25,12235.41,71.32,28425.0,134.85,118.7184,8243.15608695652,29157.95,17.7481,1.265,13259.13,0.8913,1.3419,6.9101,4.9534,7.8477,75.85
2023-05-08,4138.12,12256.92,73.13,27682.7,134.83,118.7415,8243.15608695652,28949.88,17.8197,1.2633,13291.64,0.8894,1.3356,6.9125,4.9925,7.8488,75.85
2023-05-09,4119.17,12179.55,73.68,27647.15,135.15,118.984,8243.15608695652,29242.82,17.7453,1.2618,13201.11,0.8916,1.3399,6.9201,4.9838,7.8415,77.76
2023-05-10,4137.64,12306.44,72.53,27620.2,134.52,118.7561,8243.15608695652,29122.18,17.6074,1.2614,13347.83,0.8911,1.3374,6.9321,4.9559,7.8298,76.7
2023-05-11,4130.62,12328.51,70.81,27007.95,134.46,119.1902,8243.15608695652,29126.72,17.612,1.2501,13389.78,0.8953,1.3487,6.948,4.958,7.8365,75.32
2023-05-12,4124.08,12284.74,70.02,26811.54,135.63,119.5206,8243.15608695652,29388.3,17.6024,1.2464,13340.18,0.8971,1.354,6.9575,4.925,7.8426,74.54
2023-05-13,4124.08,12284.74,70.02,26790.49,135.63,119.5206,8243.15608695652,29388.3,17.6024,1.2464,13340.18,0.8971,1.354,6.9575,4.925,7.8426,74.54
2023-05-14,4124.08,12284.74,70.02,26931.38,135.63,119.5206,8243.15608695652,29388.3,17.6024,1.2464,13340.18,0.8971,1.354,6.9575,4.925,7.8426,74.54
2023-05-15,4136.28,12365.21,71.07,27178.3,136.07,119.3288,8243.15608695652,29626.34,17.554,1.2526,13413.51,0.8949,1.3482,6.952,4.9056,7.8387,75.46
2023-05-16,4109.9,12343.05,70.85,27041.08,136.62,119.3567,8243.15608695652,29842.99,17.4297,1.2494,13426.01,0.8965,1.3456,6.9751,4.9139,7.8378,75.15
2023-05-17,4158.77,12500.57,72.78,27417.13,137.51,119.7849,8243.15608695652,30093.59,17.5912,1.2475,13589.26,0.8992,1.3483,6.9981,4.9416,7.8297,76.98
2023-05-18,4198.05,12688.84,71.82,26829.49,138.5,120.2642,8243.15608695652,30573.93,17.7162,1.2424,13834.62,0.9046,1.3502,7.0355,4.9641,7.8278,75.75
2023-05-19,4191.98,12657.9,71.57,26877.99,137.67,119.9479,8243.15608695652,30808.35,17.692,1.2464,13803.49,0.8989,1.3508,7.006,4.9842,7.8157,75.42
2023-05-20,4191.98,12657.9,71.57,27116.58,137.67,119.9479,8243.15608695652,30808.35,17.692,1.2464,13803.49,0.8989,1.3508,7.006,4.9842,7.8157,75.42
2023-05-21,4191.98,12657.9,71.57,26749.85,137.67,119.9479,8243.15608695652,30808.35,17.692,1.2464,13803.49,0.8989,1.3508,7.006,4.9842,7.8157,75.42
2023-05-22,4192.63,12720.78,71.81,26854.54,138.65,120.2609,8243.15608695652,31086.82,17.8395,1.2425,13849.74,0.8991,1.3508,7.0351,4.9627,7.8286,75.77
2023-05-23,4145.58,12560.25,72.87,27223.75,138.74,120.4913,8243.15608695652,30957.77,17.9628,1.2423,13672.54,0.9014,1.3485,7.049,4.9535,7.8357,76.66
2023-05-24,4115.24,12484.16,74.37,26321.63,139.14,120.6481,8243.15608695652,30682.68,17.812,1.2368,13604.48,0.9058,1.3589,7.0585,4.9427,7.8296,77.99
2023-05-25,4151.28,12698.09,71.68,26488.5,139.81,121.0126,8243.15608695652,30801.13,17.8332,1.2325,13938.53,0.906,1.3636,7.0775,5.0147,7.8346,75.66
2023-05-26,4205.45,12975.69,72.35,26728.06,140.53,120.8022,8243.15608695652,30916.31,17.6647,1.2342,14298.41,0.906,1.3625,7.063,5.0035,7.8334,76.33
2023-05-27,4205.45,12975.69,72.35,26883.76,140.53,120.8022,8243.15608695652,30916.31,17.6647,1.2342,14298.41,0.906,1.3625,7.063,5.0035,7.8334,76.33
2023-05-28,4205.45,12975.69,72.35,28099.42,140.53,120.8022,8243.15608695652,30916.31,17.6647,1.2342,14298.41,0.906,1.3625,7.063,5.0035,7.8334,76.33
2023-05-29,4205.45,12975.69,72.35,27755.32,140.53,120.8022,8243.15608695652,31233.54,17.6647,1.2342,14298.41,0.906,1.3625,7.063,5.0035,7.8334,76.33
2023-05-30,4205.52,13017.43,69.45,27696.65,139.83,120.7387,8243.15608695652,31328.16,17.673,1.2403,14354.99,0.9048,1.3593,7.0792,5.0614,7.8338,73.38
2023-05-31,4179.83,12935.29,68.11,27222.9,139.78,121.1527,8243.15608695652,30887.88,17.7488,1.2396,14254.09,0.9129,1.3588,7.11,5.1087,7.8304,71.98
2023-06-01,4221.02,13100.98,70.09,26837.1,138.74,120.2628,8396.51772727273,31148.01,17.5493,1.2536,14441.51,0.9077,1.3441,7.0934,5.0201,7.8315,74.18
2023-06-02,4282.37,13240.77,71.76,27250.49,139.76,120.2102,8396.51772727273,31524.22,17.4976,1.2468,14546.64,0.9075,1.3438,7.0827,4.9592,7.8371,76.0
2023-06-03,4282.37,13240.77,71.76,27073.69,139.76,120.2102,8396.51772727273,31524.22,17.4976,1.2468,14546.64,0.9075,1.3438,7.0827,4.9592,7.8371,76.0
2023-06-04,4282.37,13240.77,71.76,27107.67,139.76,120.2102,8396.51772727273,31524.22,17.4976,1.2468,14546.64,0.9075,1.3438,7.0827,4.9592,7.8371,76.0
2023-06-05,4273.79,13229.43,72.14,25751.24,139.64,120.2175,8396.51772727273,32217.43,17.464,1.244,14556.5,0.9058,1.3419,7.105,4.9171,7.8375,76.61
2023-06-06,4283.85,13276.42,71.71,27245.8,139.67,120.1906,8396.51772727273,32506.78,17.4124,1.2418,14558.09,0.9076,1.3403,7.119,4.9108,7.8432,76.22
2023-06-07,4267.52,13104.89,72.52,26347.69,139.98,120.0893,8396.51772727273,31913.74,17.3411,1.2451,14303.29,0.9089,1.3363,7.1287,4.9082,7.8414,76.85
2023-06-08,4293.93,13238.52,71.28,26504.81,138.83,119.8069,8396.51772727273,31641.27,17.4095,1.2547,14484.54,0.9003,1.338,7.1109,4.9235,7.8363,75.88
2023-06-09,4298.86,13259.14,70.16,26483.2,139.35,119.6781,8396.51772727273,32265.17,17.2912,1.2579,14528.36,0.9026,1.3342,7.1273,4.8846,7.8383,74.74
2023-06-10,4298.86,13259.14,70.16,25831.06,139.35,119.6781,8396.51772727273,32265.17,17.2912,1.2579,14528.36,0.9026,1.3342,7.1273,4.8846,7.8383,74.74
2023-06-11,4298.86,13259.14,70.16,25946.74,139.35,119.6781,8396.51772727273,32265.17,17.2912,1.2579,14528.36,0.9026,1.3342,7.1273,4.8846,7.8383,74.74
2023-06-12,4338.93,13461.92,67.08,25906.91,139.72,119.889,8396.51772727273,32434.0,17.308,1.2489,14784.3,0.9099,1.3377,7.1437,4.8773,7.8335,71.8
2023-06-13,4369.01,13573.32,69.39,25933.04,140.0,119.4641,8396.51772727273,33018.65,17.214,1.2611,14900.85,0.9053,1.3298,7.1585,4.8567,7.8336,74.24
2023-06-14,4372.59,13626.48,68.22,25103.81,139.33,119.0646,8396.51772727273,33502.42,17.11,1.2696,15005.69,0.8972,1.3283,7.148,4.8424,7.8311,73.39
2023-06-15,4425.84,13782.82,70.61,25542.36,140.49,118.8447,8396.51772727273,33485.49,17.1787,1.2762,15185.48,0.8927,1.3237,7.13,4.8111,7.8221,75.75
2023-06-16,4409.59,13689.57,71.81,26341.33,141.82,118.7168,8396.51772727273,33706.08,17.0765,1.2815,15083.92,0.8943,1.3194,7.125,4.8309,7.8217,76.76
2023-06-17,4409.59,13689.57,71.81,26511.06,141.82,118.7168,8396.51772727273,33706.08,17.0765,1.2815,15083.92,0.8943,1.3194,7.125,4.8309,7.8217,76.76
2023-06-18,4409.59,13689.57,71.81,26326.27,141.82,118.7168,8396.51772727273,33706.08,17.0765,1.2815,15083.92,0.8943,1.3194,7.125,4.8309,7.8217,76.76
2023-06-19,4409.59,13689.57,71.81,26822.19,141.82,118.7168,8396.51772727273,33370.42,17.0765,1.2815,15083.92,0.8943,1.3194,7.125,4.8309,7.8217,76.09
2023-06-20,4388.71,13667.29,70.94,28315.01,141.46,119.2458,8396.51772727273,33388.91,17.1908,1.2732,15070.15,0.8993,1.3246,7.1811,4.7959,7.8261,75.79
2023-06-21,4365.69,13502.2,72.55,29998.22,142.09,119.0438,8396.51772727273,33575.14,17.1601,1.2737,14867.45,0.895,1.3179,7.1779,4.764,7.828,76.92
2023-06-22,4381.89,13630.61,69.22,29885.29,142.89,119.074,8396.51772727273,33264.88,17.1472,1.275,15042.32,0.8967,1.3164,7.1777,4.7764,7.831,73.93
2023-06-23,4348.33,13492.52,68.91,30692.18,143.78,119.4584,8396.51772727273,32781.54,17.1723,1.2701,14891.48,0.8979,1.3196,7.1777,4.7734,7.8309,73.56
2023-06-24,4348.33,13492.52,68.91,30556.69,143.78,119.4584,8396.51772727273,32781.54,17.1723,1.2701,14891.48,0.8979,1.3196,7.1777,4.7734,7.8309,73.56
2023-06-25,4348.33,13492.52,68.91,30488.37,143.78,119.4584,8396.51772727273,32781.54,17.1723,1.2701,14891.48,0.8979,1.3196,7.1777,4.7734,7.8309,73.56
2023-06-26,4328.82,13335.78,69.09,30279.98,143.55,119.4123,8396.51772727273,32698.81,17.1345,1.2724,14689.02,0.8946,1.3145,7.2364,4.77,7.8295,73.86
2023-06-27,4378.41,13555.67,67.68,30702.1,144.0,119.235,8396.51772727273,32538.33,17.0833,1.2752,14945.91,0.8941,1.3175,7.2193,4.8042,7.8338,71.88
2023-06-28,4376.86,13591.75,69.54,30102.6,144.23,119.6759,8396.51772727273,33193.99,17.0731,1.2637,14964.57,0.8975,1.3249,7.2436,4.8433,7.8327,73.64
2023-06-29,4396.44,13591.33,69.85,30441.4,144.72,119.8659,8396.51772727273,33234.14,17.0976,1.2617,14939.95,0.8984,1.3246,7.2515,4.8491,7.8384,73.86
2023-06-30,4450.38,13787.92,70.66,30475.82,144.47,119.7118,8396.51772727273,33189.04,17.1439,1.2709,15179.21,0.8947,1.3232,7.2513,4.8102,7.8363,74.51
2023-07-01,4450.38,13787.92,70.66,30585.0,144.47,119.7118,8476.67904761905,33189.04,17.1439,1.2709,15179.21,0.8947,1.3232,7.2513,4.8102,7.8363,74.51
2023-07-02,4450.38,13787.92,70.66,30616.01,144.47,119.7118,8476.67904761905,33189.04,17.1439,1.2709,15179.21,0.8947,1.3232,7.2513,4.8102,7.8363,74.51
2023-07-03,4455.59,13816.77,69.71,31163.19,144.5,119.5618,8476.67904761905,33753.33,17.0578,1.2695,15208.69,0.8956,1.3243,7.24,4.79,7.8337,74.52
2023-07-04,4455.59,13816.77,69.71,30766.91,144.5,119.5618,8476.67904761905,33422.52,17.0578,1.2695,15208.69,0.8956,1.3243,7.24,4.79,7.8337,76.23
2023-07-05,4446.82,13791.65,71.78,30492.71,144.56,119.6971,8476.67904761905,33338.7,16.9966,1.271,15203.78,0.898,1.3271,7.2465,4.8574,7.8217,76.74
2023-07-06,4411.59,13679.04,71.76,29910.89,144.09,120.1579,8476.67904761905,32773.02,17.2568,1.2721,15089.45,0.8965,1.3353,7.25,4.925,7.8212,76.72
2023-07-07,4398.95,13660.72,73.91,30337.33,142.21,119.4293,8476.67904761905,32388.42,17.1073,1.2838,15036.85,0.8887,1.3284,7.2205,4.8622,7.8274,78.77
2023-07-08,4398.95,13660.72,73.91,30301.5,142.21,119.4293,8476.67904761905,32388.42,17.1073,1.2838,15036.85,0.8887,1.3284,7.2205,4.8622,7.8274,78.77
2023-07-09,4398.95,13660.72,73.91,30171.1,142.21,119.4293,8476.67904761905,32388.42,17.1073,1.2838,15036.85,0.8887,1.3284,7.2205,4.8622,7.8274,78.77
2023-07-10,4409.53,13685.48,73.05,30427.52,141.56,119.3179,8476.67904761905,32189.73,17.0485,1.2837,15045.64,0.8869,1.3281,7.2315,4.8652,7.8283,77.83
2023-07-11,4439.26,13760.7,74.87,30636.22,140.51,119.0891,8476.67904761905,32203.57,17.0853,1.2901,15119.06,0.8805,1.3249,7.209,4.8823,7.8276,79.54
2023-07-12,4472.16,13918.96,75.77,30379.01,138.21,118.0104,8476.67904761905,31943.93,16.848,1.2993,15307.23,0.8676,1.3179,7.1656,4.8148,7.8268,80.35
2023-07-13,4510.04,14138.57,76.86,31471.53,138.14,117.5569,8476.67904761905,32419.33,16.8998,1.3097,15571.98,0.8595,1.3126,7.15,4.8131,7.8226,81.31
2023-07-14,4505.42,14113.7,75.44,30312.82,138.74,117.4209,8476.67904761905,32391.26,16.8002,1.3113,15565.6,0.8616,1.3204,7.1403,4.7988,7.814,79.9
2023-07-15,4505.42,14113.7,75.44,30300.67,138.74,117.4209,8476.67904761905,32391.26,16.8002,1.3113,15565.6,0.8616,1.3204,7.1403,4.7988,7.814,79.9
2023-07-16,4505.42,14113.7,75.44,30236.12,138.74,117.4209,8476.67904761905,32391.26,16.8002,1.3113,15565.6,0.8616,1.3204,7.1403,4.7988,7.814,79.9
2023-07-17,4522.79,14244.95,74.17,30150.4,138.92,117.5139,8476.67904761905,32391.26,16.8047,1.3078,15713.28,0.8602,1.3173,7.1711,4.8249,7.8144,77.8
2023-07-18,4554.98,14353.64,75.76,29860.85,138.94,117.4145,8476.67904761905,32493.89,16.7423,1.3054,15841.35,0.8582,1.3175,7.1786,4.7985,7.8126,79.54
2023-07-19,4565.72,14358.02,75.4,29918.57,139.76,117.745,8476.67904761905,32896.03,16.759,1.2898,15826.35,0.8598,1.3158,7.226,4.8022,7.8085,79.38
2023-07-20,4534.87,14063.31,75.65,29807.9,140.39,117.9615,8476.67904761905,32490.52,16.8359,1.2849,15466.09,0.8671,1.3182,7.1761,4.8074,7.8128,79.62
2023-07-21,4536.34,14032.81,77.06,29907.14,141.75,118.3072,8476.67904761905,32304.25,16.9228,1.2854,15425.67,0.8658,1.3217,7.1861,4.768,7.8169,81.06
2023-07-22,4536.34,14032.81,77.06,29806.09,141.75,118.3072,8476.67904761905,32304.25,16.9228,1.2854,15425.67,0.8658,1.3217,7.1861,4.768,7.8169,81.06
2023-07-23,4536.34,14032.81,77.06,30082.77,141.75,118.3072,8476.67904761905,32304.25,16.9228,1.2854,15425.67,0.8658,1.3217,7.1861,4.768,7.8169,81.06
2023-07-24,4554.64,14058.87,78.81,29171.26,141.19,118.1812,8476.67904761905,32700.94,16.8164,1.2828,15448.02,0.8664,1.3154,7.1855,4.7309,7.8117,82.53
2023-07-25,4567.46,14144.56,79.76,29221.74,140.91,118.1978,8476.67904761905,32682.51,16.9099,1.2876,15561.42,0.8644,1.3179,7.134,4.7442,7.8123,83.46
2023-07-26,4566.75,14127.28,79.11,29351.49,140.41,118.1097,8476.67904761905,32668.34,16.8769,1.293,15499.26,0.8625,1.3218,7.1503,4.7355,7.8021,82.98
2023-07-27,4537.41,14050.11,80.17,29213.16,141.03,118.2497,8476.67904761905,32891.16,16.7073,1.287,15464.93,0.8686,1.3194,7.173,4.7179,7.8022,84.28
2023-07-28,4582.23,14316.66,80.55,29311.22,140.72,118.1429,8476.67904761905,32759.23,16.6635,1.287,15750.93,0.8687,1.3225,7.1488,4.7306,7.7974,84.49
2023-07-29,4582.23,14316.66,80.55,29357.88,140.72,118.1429,8476.67904761905,32759.23,16.6635,1.287,15750.93,0.8687,1.3225,7.1488,4.7306,7.7974,84.49
2023-07-30,4582.23,14316.66,80.55,29277.85,140.72,118.1429,8476.67904761905,32759.23,16.6635,1.287,15750.93,0.8687,1.3225,7.1488,4.7306,7.7974,84.49
2023-07-31,4588.96,14346.02,81.8,29223.31,142.18,118.1738,8476.67904761905,33172.22,16.7183,1.2857,15757.0,0.8688,1.316,7.1426,4.7407,7.7987,85.22
2023-08-01,4576.73,14283.91,81.37,29728.88,143.34,118.9156,8347.82826086957,33476.58,16.8414,1.275,15718.01,0.8763,1.3289,7.1775,4.7824,7.7939,85.34
2023-08-02,4513.39,13973.45,79.5,29155.83,143.21,119.4622,8347.82826086957,32707.69,17.043,1.2712,15370.74,0.8779,1.3334,7.192,4.814,7.8018,84.01
2023-08-03,4501.89,13959.72,81.56,29168.14,142.42,119.7123,8347.82826086957,32159.28,17.3356,1.2709,15353.54,0.8742,1.334,7.1651,4.882,7.8066,86.19
2023-08-04,4478.03,13892.07,82.76,29073.7,141.79,119.1684,8347.82826086957,32192.75,17.0579,1.2775,15274.92,0.8713,1.3337,7.1709,4.8548,7.8102,87.38
2023-08-05,4478.03,13892.07,82.76,29045.71,141.79,119.1684,8347.82826086957,32192.75,17.0579,1.2775,15274.92,0.8713,1.3337,7.1709,4.8548,7.8102,87.38
2023-08-06,4478.03,13892.07,82.76,29040.44,141.79,119.1684,8347.82826086957,32192.75,17.0579,1.2775,15274.92,0.8713,1.3337,7.1709,4.8548,7.8102,87.38
2023-08-07,4518.44,13977.12,81.94,29179.01,142.45,119.4297,8347.82826086957,32254.56,17.0564,1.2769,15407.85,0.8742,1.3372,7.1895,4.8971,7.8065,86.47
2023-08-08,4499.38,13867.19,82.94,29774.42,143.17,119.987,8347.82826086957,32377.29,17.1512,1.2729,15273.05,0.8757,1.3454,7.216,4.9083,7.8135,88.0
2023-08-09,4467.71,13705.08,84.35,29561.54,143.58,119.8273,8347.82826086957,32204.33,17.076,1.2715,15101.71,0.877,1.3442,7.2085,4.902,7.8208,89.31
2023-08-10,4468.83,13721.03,82.81,29418.09,144.4,119.5248,8347.82826086957,32473.65,16.941,1.2726,15128.84,0.8736,1.3401,7.2165,4.8453,7.8183,87.44
2023-08-11,4464.05,13644.85,83.17,29400.05,144.94,119.9929,8347.82826086957,32473.65,16.995,1.2694,15028.07,0.8765,1.3437,7.2367,4.8944,7.817,87.93
2023-08-12,4464.05,13644.85,83.17,29416.98,144.94,119.9929,8347.82826086957,32473.65,16.995,1.2694,15028.07,0.8765,1.3437,7.2367,4.8944,7.817,87.93
2023-08-13,4464.05,13644.85,83.17,29267.56,144.94,119.9929,8347.82826086957,32473.65,16.995,1.2694,15028.07,0.8765,1.3437,7.2367,4.8944,7.817,87.93
2023-08-14,4489.72,13788.33,82.5,29397.35,145.3,120.4451,8347.82826086957,32059.91,17.0746,1.2691,15205.59,0.8775,1.3451,7.2585,4.9555,7.8184,87.4
2023-08-15,4437.86,13631.05,81.06,29165.96,145.4,120.5927,8347.82826086957,32238.89,17.1114,1.2745,15037.65,0.8769,1.3472,7.2817,4.9753,7.8233,86.28
2023-08-16,4404.33,13474.63,79.4,28694.33,145.81,120.7308,8347.82826086957,31766.82,17.064,1.2749,14876.47,0.8786,1.3516,7.2985,4.966,7.8302,84.49
2023-08-17,4370.36,13316.93,80.43,26600.98,146.16,120.8924,8347.82826086957,31626.0,17.116,1.2753,14715.81,0.8792,1.3522,7.291,4.9836,7.8301,85.24
2023-08-18,4369.71,13290.78,81.25,26043.99,145.15,120.7937,8347.82826086957,31450.76,17.0598,1.2738,14694.84,0.8817,1.3557,7.28,4.9649,7.8304,85.92
2023-08-19,4369.71,13290.78,81.25,26081.24,145.15,120.7937,8347.82826086957,31450.76,17.0598,1.2738,14694.84,0.8817,1.3557,7.28,4.9649,7.8304,85.92
2023-08-20,4369.71,13290.78,81.25,26187.2,145.15,120.7937,8347.82826086957,31450.76,17.0598,1.2738,14694.84,0.8817,1.3557,7.28,4.9649,7.8304,85.92
2023-08-21,4399.77,13497.59,80.71,26128.18,146.26,120.8271,8347.82826086957,31565.64,17.031,1.2737,14936.69,0.8799,1.3563,7.2865,4.9864,7.8389,85.44
2023-08-22,4387.55,13505.87,80.25,26038.42,145.79,120.7274,8347.82826086957,31856.71,16.9166,1.2733,14908.96,0.88,1.3547,7.293,4.937,7.8378,84.7
2023-08-23,4436.01,13721.03,78.91,26429.54,144.62,120.4036,8347.82826086957,32010.26,16.7987,1.2715,15148.06,0.8785,1.3542,7.2771,4.8789,7.8404,83.94
2023-08-24,4376.31,13463.97,79.52,26168.12,145.75,120.5987,8347.82826086957,32287.21,16.818,1.2634,14816.44,0.8825,1.3562,7.2786,4.8825,7.8428,84.07
2023-08-25,4405.71,13590.65,80.47,26054.38,146.38,120.8752,8347.82826086957,31624.28,16.797,1.257,14941.83,0.886,1.3626,7.289,4.8765,7.8441,85.42
2023-08-26,4405.71,13590.65,80.47,26004.15,146.38,120.8752,8347.82826086957,31624.28,16.797,1.257,14941.83,0.886,1.3626,7.289,4.8765,7.8441,85.42
2023-08-27,4405.71,13590.65,80.47,26089.28,146.38,120.8752,8347.82826086957,31624.28,16.797,1.257,14941.83,0.886,1.3626,7.289,4.8765,7.8441,85.42
2023-08-28,4433.31,13705.13,80.65,26102.51,146.4,120.687,8347.82826086957,32169.99,16.7116,1.2592,15052.46,0.8832,1.3596,7.29,4.8931,7.8454,85.42
2023-08-29,4497.63,13943.76,81.14,27713.68,146.01,120.6383,8347.82826086957,32226.97,16.8436,1.2614,15376.55,0.8798,1.3589,7.2796,4.8566,7.8462,86.37
2023-08-30,4514.87,14019.31,81.64,27297.11,145.94,120.187,8347.82826086957,32333.46,16.7435,1.2726,15462.43,0.8772,1.3515,7.2839,4.8592,7.8469,86.62
2023-08-31,4507.66,14034.97,83.55,25922.51,145.68,120.5882,8347.82826086957,32619.34,16.881,1.2667,15501.07,0.8837,1.3539,7.2582,4.9324,7.8425,87.29
2023-09-01,4515.77,14031.81,85.52,25802.02,146.2,121.1011,8276.71380952381,32710.62,17.1523,1.2594,15490.86,0.8857,1.3582,7.2606,4.9425,7.8457,89.98
2023-09-02,4515.77,14031.81,85.52,25871.43,146.2,121.1011,8276.71380952381,32710.62,17.1523,1.2594,15490.86,0.8857,1.3582,7.2606,4.9425,7.8457,89.98
2023-09-03,4515.77,14031.81,85.52,25972.64,146.2,121.1011,8276.71380952381,32710.62,17.1523,1.2594,15490.86,0.8857,1.3582,7.2606,4.9425,7.8457,89.98
2023-09-04,4515.77,14031.81,85.52,25814.79,146.2,121.1011,8276.71380952381,32939.18,17.1523,1.2594,15490.86,0.8857,1.3582,7.2606,4.9425,7.8457,90.42
2023-09-05,4496.83,14020.95,86.74,25778.03,147.63,121.7785,8276.71380952381,33036.76,17.3392,1.2583,15508.24,0.8888,1.3607,7.3018,4.9643,7.8407,91.25
2023-09-06,4465.48,13872.47,87.55,25748.1,147.65,122.2029,8276.71380952381,33241.02,17.549,1.2498,15371.44,0.8924,1.3655,7.316,4.969,7.843,91.79
2023-09-07,4451.14,13748.83,86.87,26267.36,147.13,122.2903,8276.71380952381,32991.08,17.5396,1.2485,15258.52,0.8927,1.3678,7.3287,4.9767,7.8388,91.16
2023-09-08,4457.49,13761.53,87.51,25906.35,147.7,122.2933,8276.71380952381,32606.84,17.571,1.2476,15280.23,0.8927,1.3621,7.343,4.9762,7.8397,91.85
2023-09-09,4457.49,13761.53,87.51,25898.48,147.7,122.2933,8276.71380952381,32606.84,17.571,1.2476,15280.23,0.8927,1.3621,7.343,4.9762,7.8397,91.85
2023-09-10,4457.49,13761.53,87.51,25835.33,147.7,122.2933,8276.71380952381,32606.84,17.571,1.2476,15280.23,0.8927,1.3621,7.343,4.9762,7.8397,91.85
2023-09-11,4487.46,13917.91,87.3,25161.68,146.46,121.6757,8276.71380952381,32467.76,17.368,1.2529,15461.87,0.891,1.3581,7.2882,4.9346,7.8327,91.97
2023-09-12,4461.9,13773.63,88.87,25852.36,147.12,121.6301,8276.71380952381,32776.37,17.2553,1.2477,15289.74,0.8913,1.3553,7.2911,4.9423,7.8287,93.58
2023-09-13,4467.44,13813.59,88.59,26216.13,147.45,121.3981,8276.71380952381,32706.52,17.1055,1.2488,15348.53,0.8925,1.3533,7.27,4.9053,7.8256,93.04
2023-09-14,4505.1,13926.05,90.13,26531.31,147.17,121.5744,8276.71380952381,33168.1,17.109,1.241,15473.89,0.8949,1.3513,7.277,4.8669,7.8281,95.2
2023-09-15,4450.32,13708.33,90.83,26620.02,147.83,121.5361,8276.71380952381,33533.09,17.068,1.2392,15202.4,0.896,1.3504,7.2744,4.8674,7.8283,95.55
2023-09-16,4450.32,13708.33,90.83,26569.87,147.83,121.5361,8276.71380952381,33533.09,17.068,1.2392,15202.4,0.896,1.3504,7.2744,4.8674,7.8283,95.55
2023-09-17,4450.32,13708.33,90.83,26533.6,147.83,121.5361,8276.71380952381,33533.09,17.068,1.2392,15202.4,0.896,1.3504,7.2744,4.8674,7.8283,95.55
2023-09-18,4453.53,13710.24,91.47,26767.54,147.63,121.5414,8276.71380952381,33533.09,17.1116,1.2403,15225.37,0.8964,1.3482,7.2915,4.8469,7.8181,95.95
2023-09-19,4443.95,13678.19,91.16,27199.35,147.8,121.5175,8276.71380952381,33242.59,17.0624,1.2393,15191.23,0.8979,1.3431,7.2964,4.8586,7.8192,96.11
2023-09-20,4402.2,13469.13,89.2,27119.41,147.74,121.32,8276.71380952381,33023.78,17.027,1.2389,14969.92,0.8953,1.3424,7.287,4.8471,7.8223,94.56
2023-09-21,4330.0,13223.98,89.56,26567.29,147.42,121.8972,8276.71380952381,32571.03,17.1577,1.2299,14694.24,0.9033,1.3484,7.3066,4.9212,7.8204,93.7
2023-09-22,4320.06,13211.81,90.0,26582.63,148.24,121.8735,8276.71380952381,32402.41,17.1431,1.2257,14701.1,0.9064,1.3467,7.298,4.9128,7.8207,93.99
2023-09-23,4320.06,13211.81,90.0,26580.31,148.24,121.8735,8276.71380952381,32402.41,17.1431,1.2257,14701.1,0.9064,1.3467,7.298,4.9128,7.8207,93.99
2023-09-24,4320.06,13211.81,90.0,26229.29,148.24,121.8735,8276.71380952381,32402.41,17.1431,1.2257,14701.1,0.9064,1.3467,7.298,4.9128,7.8207,93.99
2023-09-25,4337.44,13271.32,89.68,26296.86,148.74,122.4445,8276.71380952381,32678.62,17.3711,1.2218,14768.9,0.912,1.3473,7.311,4.9637,7.8161,94.01
2023-09-26,4273.53,13063.61,91.43,26200.13,148.9,122.795,8276.71380952381,32315.05,17.4958,1.2168,14545.83,0.9144,1.3509,7.31,4.9835,7.8226,94.46
2023-09-27,4274.51,13092.85,93.67,26351.82,149.48,123.2947,8276.71380952381,32371.9,17.703,1.2133,14580.16,0.9198,1.3512,7.3105,5.0565,7.8207,97.1
2023-09-28,4299.7,13201.28,91.65,27035.82,149.18,122.8562,8276.71380952381,31872.52,17.599,1.2223,14702.77,0.915,1.3474,7.301,5.0357,7.8282,96.64
2023-09-29,4288.05,13219.32,90.77,26900.3,149.43,122.6332,8276.71380952381,31857.62,17.4064,1.2214,14715.24,0.9141,1.3535,7.296,5.0021,7.8308,95.86
2023-09-30,4288.05,13219.32,90.77,26959.4,149.43,122.6332,8276.71380952381,31857.62,17.4064,1.2214,14715.24,0.9141,1.3535,7.296,5.0021,7.8308,95.86
2023-10-01,4288.05,13219.32,90.77,27994.89,149.43,122.6332,7941.35590909091,31857.62,17.4064,1.2214,14715.24,0.9141,1.3535,7.296,5.0021,7.8308,95.86
2023-10-02,4288.39,13307.77,88.81,27517.12,149.8,123.3573,7941.35590909091,31759.88,17.5457,1.213,14837.57,0.9176,1.3666,7.296,5.077,7.8324,91.21
2023-10-03,4229.45,13059.47,89.26,27421.92,149.16,124.0624,7941.35590909091,31237.94,17.9134,1.2069,14565.62,0.9226,1.372,7.296,5.1348,7.8318,94.46
2023-10-04,4263.75,13236.01,84.32,27782.29,148.83,123.8848,7941.35590909091,30526.88,17.9505,1.2157,14776.25,0.916,1.3739,7.296,5.1362,7.8287,89.83
2023-10-05,4258.19,13219.83,82.3,27419.39,148.49,124.1752,7941.35590909091,31075.36,18.319,1.2171,14723.22,0.9141,1.3736,7.296,5.1809,7.8311,88.28
2023-10-06,4308.5,13431.34,82.83,27949.12,149.08,123.6561,7941.35590909091,30994.67,18.16,1.2255,14973.24,0.9082,1.3657,7.296,5.153,7.8315,87.86
2023-10-07,4308.5,13431.34,82.83,27974.08,149.08,123.6561,7941.35590909091,30994.67,18.16,1.2255,14973.24,0.9082,1.3657,7.296,5.153,7.8315,87.86
2023-10-08,4308.5,13431.34,82.83,27937.62,149.08,123.6561,7941.35590909091,30994.67,18.16,1.2255,14973.24,0.9082,1.3657,7.296,5.153,7.8315,87.86
2023-10-09,4335.66,13484.24,82.83,27587.43,149.08,123.6561,7941.35590909091,30994.67,18.16,1.2255,15047.15,0.9082,1.3657,7.296,5.153,7.8315,91.37
2023-10-10,4358.24,13562.84,85.89,27391.73,148.62,123.2437,7941.35590909091,31746.53,17.98,1.2288,15131.52,0.9039,1.3579,7.2948,5.0668,7.8192,90.7
2023-10-11,4376.95,13659.68,83.7,26851.85,149.17,123.092,7941.35590909091,31936.51,17.819,1.2304,15241.12,0.9025,1.3617,7.2992,5.0501,7.8195,87.58
2023-10-12,4349.61,13574.22,82.87,26745.5,149.71,123.5087,7941.35590909091,32494.66,17.899,1.2214,15184.1,0.9064,1.3656,7.3019,5.0472,7.8228,88.4
2023-10-13,4327.78,13407.23,87.67,26859.1,149.62,123.8788,7941.35590909091,32315.99,18.0525,1.2139,14995.12,0.9018,1.365,7.3049,5.074,7.8238,94.33
2023-10-14,4327.78,13407.23,87.67,26857.29,149.62,123.8788,7941.35590909091,32315.99,18.0525,1.2139,14995.12,0.9018,1.365,7.3049,5.074,7.8238,94.33
2023-10-15,4327.78,13407.23,87.67,27155.34,149.62,123.8788,7941.35590909091,32315.99,18.0525,1.2139,14995.12,0.9018,1.365,7.3049,5.074,7.8238,94.33
2023-10-16,4373.63,13567.98,86.65,28534.29,149.57,123.621,7941.35590909091,31659.03,17.9564,1.2198,15172.73,0.9007,1.3615,7.3105,5.0571,7.8183,90.99
2023-10-17,4373.2,13533.75,86.66,28408.19,149.71,123.4334,7941.35590909091,32040.29,17.9022,1.2206,15122.01,0.8995,1.3622,7.3105,5.0157,7.8236,92.52
2023-10-18,4314.6,13314.3,88.35,28309.35,149.86,124.1001,7941.35590909091,32042.25,18.2492,1.215,14909.26,0.8985,1.3696,7.3161,5.0635,7.8287,91.99
2023-10-19,4278.0,13186.18,89.35,28734.51,149.92,124.0861,7941.35590909091,31430.62,18.286,1.2145,14783.13,0.8956,1.3716,7.3126,5.0435,7.8247,93.12
2023-10-20,4224.16,12983.81,89.12,29686.66,149.85,123.9049,7941.35590909091,31259.36,18.2152,1.2153,14560.88,0.8918,1.3692,7.3155,5.0346,7.8242,93.72
2023-10-21,4224.16,12983.81,89.12,29929.08,149.85,123.9049,7941.35590909091,31259.36,18.2152,1.2153,14560.88,0.8918,1.3692,7.3155,5.0346,7.8242,93.72
2023-10-22,4224.16,12983.81,89.12,29988.13,149.85,123.9049,7941.35590909091,31259.36,18.2152,1.2153,14560.88,0.8918,1.3692,7.3155,5.0346,7.8242,93.72
2023-10-23,4217.04,13018.33,85.49,33106.86,149.78,123.5935,7941.35590909091,30999.55,18.1033,1.2235,14604.85,0.8919,1.3676,7.3158,5.0066,7.8245,91.88
2023-10-24,4247.68,13139.87,84.58,33919.92,149.84,123.9249,7941.35590909091,31062.35,18.2818,1.217,14745.85,0.8935,1.3744,7.309,4.9998,7.8228,88.0
2023-10-25,4186.77,12821.22,86.07,34489.91,149.94,124.069,7941.35590909091,31269.92,18.297,1.214,14381.64,0.8951,1.3772,7.3165,4.9987,7.8221,90.14
2023-10-26,4137.23,12595.61,83.8,34140.0,150.44,124.285,7941.35590909091,30601.78,18.1841,1.2113,14109.57,0.8995,1.383,7.315,5.0051,7.8206,88.45
2023-10-27,4117.37,12643.01,86.04,33905.16,149.6,123.9145,7941.35590909091,30991.69,18.0496,1.2151,14180.42,0.9021,1.3866,7.3171,4.9464,7.8218,90.73
2023-10-28,4117.37,12643.01,86.04,34071.32,149.6,123.9145,7941.35590909091,30991.69,18.0496,1.2151,14180.42,0.9021,1.3866,7.3171,4.9464,7.8218,90.73
2023-10-29,4117.37,12643.01,86.04,34557.72,149.6,123.9145,7941.35590909091,30991.69,18.0496,1.2151,14180.42,0.9021,1.3866,7.3171,4.9464,7.8218,90.73
2023-10-30,4166.82,12789.48,83.03,34485.49,149.01,123.7044,7941.35590909091,30696.96,18.021,1.2157,14335.51,0.9017,1.3829,7.3133,5.039,7.8209,90.73
2023-10-31,4193.8,12851.24,81.64,34667.88,151.46,124.1229,7941.35590909091,30858.85,18.053,1.2135,14409.78,0.91,1.3878,7.3166,5.0433,7.8246,86.82
2023-11-01,4237.86,13061.47,81.05,35469.43,150.96,124.0801,8189.58772727273,31601.65,17.946,1.2127,14664.91,0.9103,1.3879,7.3175,5.0154,7.8231,86.92
2023-11-02,4317.78,13294.19,83.04,34935.25,150.48,123.1995,8189.58772727273,31949.89,17.5908,1.2175,14919.55,0.9061,1.3788,7.316,4.9539,7.8247,89.02
2023-11-03,4358.34,13478.28,81.19,34735.91,149.36,122.1006,8189.58772727273,31949.89,17.3706,1.2374,15099.49,0.8984,1.3671,7.3005,4.8879,7.8239,87.55
2023-11-04,4358.34,13478.28,81.19,35095.0,149.36,122.1006,8189.58772727273,31949.89,17.3706,1.2374,15099.49,0.8984,1.3671,7.3005,4.8879,7.8239,87.55
2023-11-05,4358.34,13478.28,81.19,35015.86,149.36,122.1006,8189.58772727273,31949.89,17.3706,1.2374,15099.49,0.8984,1.3671,7.3005,4.8879,7.8239,87.55
2023-11-06,4365.98,13518.78,81.54,35063.96,149.77,121.9692,8189.58772727273,32708.48,17.5236,1.2391,15154.93,0.8969,1.3662,7.2695,4.8921,7.8197,87.31
2023-11-07,4378.38,13639.86,77.96,35420.95,150.47,122.3882,8189.58772727273,32271.82,17.468,1.2296,15296.02,0.9005,1.3769,7.2788,4.8677,7.8199,83.43
2023-11-08,4382.78,13650.41,75.85,35581.68,150.77,122.4055,8189.58772727273,32166.48,17.4792,1.2301,15313.24,0.898,1.3798,7.28,4.8905,7.8159,81.46
2023-11-09,4347.35,13521.45,76.34,36669.3,151.04,122.4434,8189.58772727273,32646.46,17.4832,1.2279,15187.9,0.8996,1.3766,7.2835,4.9037,7.8097,81.74
2023-11-10,4415.24,13798.11,76.34,37305.81,151.04,122.4434,8189.58772727273,32568.11,17.4832,1.2279,15529.12,0.8996,1.3766,7.2835,4.9037,7.8097,83.66
2023-11-11,4415.24,13798.11,76.34,37156.47,151.04,122.4434,8189.58772727273,32568.11,17.4832,1.2279,15529.12,0.8996,1.3766,7.2835,4.9037,7.8097,83.66
2023-11-12,4415.24,13798.11,76.34,37093.34,151.04,122.4434,8189.58772727273,32568.11,17.4832,1.2279,15529.12,0.8996,1.3766,7.2835,4.9037,7.8097,83.66
2023-11-13,4411.55,13767.74,78.86,36470.45,151.56,122.7389,8189.58772727273,32585.11,17.577,1.2268,15482.79,0.9014,1.3781,7.289,4.909,7.807,84.09
2023-11-14,4495.7,14094.38,78.9,35552.8,150.75,121.6865,8189.58772727273,32695.93,17.401,1.2483,15812.47,0.8905,1.3711,7.253,4.8658,7.8069,84.2
2023-11-15,4502.88,14103.84,77.15,37876.32,151.07,121.4035,8189.58772727273,33519.7,17.3256,1.2431,15817.18,0.8872,1.3665,7.2466,4.86,7.8068,82.4
2023-11-16,4508.24,14113.67,73.5,36150.03,150.59,121.4953,8189.58772727273,33424.41,17.3019,1.2423,15833.17,0.8882,1.3774,7.2416,4.879,7.8033,77.73
2023-11-17,4514.02,14125.48,76.47,36626.6,149.82,121.1657,8189.58772727273,33585.2,17.2099,1.243,15837.99,0.887,1.374,7.212,4.8964,7.7978,81.22
2023-11-18,4514.02,14125.48,76.47,36595.55,149.82,121.1657,8189.58772727273,33585.2,17.2099,1.243,15837.99,0.887,1.374,7.212,4.8964,7.7978,81.22
2023-11-19,4514.02,14125.48,76.47,37392.52,149.82,121.1657,8189.58772727273,33585.2,17.2099,1.243,15837.99,0.887,1.374,7.212,4.8964,7.7978,81.22
2023-11-20,4547.38,14284.53,78.1,37476.08,148.26,120.5653,8189.58772727273,33388.03,17.126,1.2505,16027.06,0.8841,1.372,7.168,4.8652,7.7933,83.25
2023-11-21,4538.19,14199.98,78.35,35734.18,147.88,120.5182,8189.58772727273,33354.14,17.2096,1.254,15933.62,0.8831,1.369,7.1352,4.8933,7.795,82.42
2023-11-22,4556.62,14265.86,76.8,37443.86,149.67,120.9757,8189.58772727273,33451.83,17.2014,1.2468,16001.39,0.8853,1.3733,7.155,4.8885,7.7968,81.76
2023-11-23,4556.62,14265.86,76.8,37298.0,149.67,120.9757,8189.58772727273,33451.83,17.2014,1.2468,16001.39,0.8853,1.3733,7.155,4.8885,7.7968,80.85
2023-11-24,4559.34,14250.85,74.83,37745.94,149.57,120.5285,8189.58772727273,33625.53,17.1255,1.2601,15982.01,0.8818,1.3608,7.1488,4.899,7.7931,79.82
2023-11-25,4559.34,14250.85,74.83,37801.75,149.57,120.5285,8189.58772727273,33625.53,17.1255,1.2601,15982.01,0.8818,1.3608,7.1488,4.899,7.7931,79.82
2023-11-26,4559.34,14250.85,74.83,37470.52,149.57,120.5285,8189.58772727273,33625.53,17.1255,1.2601,15982.01,0.8818,1.3608,7.1488,4.899,7.7931,79.82
2023-11-27,4550.43,14241.02,74.46,37244.39,148.89,120.4893,8189.58772727273,33447.67,17.152,1.2613,15961.98,0.8811,1.3633,7.1528,4.9058,7.792,79.49
2023-11-28,4554.89,14281.76,76.09,37840.46,147.41,119.9174,8189.58772727273,33408.39,17.118,1.2713,16010.43,0.8763,1.3562,7.138,4.8614,7.797,81.66
2023-11-29,4550.58,14258.49,77.56,37864.76,147.39,120.1246,8189.58772727273,33321.22,17.2022,1.269,15987.6,0.8752,1.3596,7.13,4.8962,7.8057,82.98
2023-11-30,4567.8,14226.22,75.66,37743.0,147.87,120.5421,8189.58772727273,33486.89,17.3758,1.264,15947.87,0.8725,1.3587,7.136,4.9297,7.8095,81.72
2023-12-01,4594.63,14305.03,73.7,38714.0,147.0,120.2542,8407.90047619048,33431.51,17.2032,1.2682,15997.58,0.8706,1.3495,7.1386,4.886,7.8147,78.72
2023-12-02,4594.63,14305.03,73.7,39467.65,147.0,120.2542,8407.90047619048,33431.51,17.2032,1.2682,15997.58,0.8706,1.3495,7.1386,4.886,7.8147,78.72
2023-12-03,4594.63,14305.03,73.7,40028.84,147.0,120.2542,8407.90047619048,33431.51,17.2032,1.2682,15997.58,0.8706,1.3495,7.1386,4.886,7.8147,78.72
2023-12-04,4569.78,14185.49,72.73,41856.31,147.15,120.7669,8407.90047619048,33231.27,17.4136,1.2633,15839.67,0.873,1.3537,7.1424,4.9293,7.8157,78.16
2023-12-05,4567.18,14229.91,71.95,44060.06,147.26,121.0731,8407.90047619048,32775.82,17.4726,1.259,15877.71,0.876,1.3577,7.1444,4.9483,7.8192,77.27
2023-12-06,4549.34,14146.71,68.98,43778.51,147.16,120.8348,8407.90047619048,33445.9,17.2642,1.2589,15788.05,0.8741,1.358,7.158,4.8987,7.8121,74.33
2023-12-07,4585.59,14339.99,69.0,43305.91,144.1,120.8938,8407.90047619048,32858.31,17.4351,1.2582,16022.49,0.8758,1.3594,7.1515,4.9042,7.813,74.21
2023-12-08,4604.37,14403.97,70.87,44223.94,144.88,121.0499,8407.90047619048,32307.86,17.3809,1.2539,16084.69,0.881,1.3595,7.1645,4.9324,7.8103,75.94
2023-12-09,4604.37,14403.97,70.87,43734.7,144.88,121.0499,8407.90047619048,32307.86,17.3809,1.2539,16084.69,0.881,1.3595,7.1645,4.9324,7.8103,75.94
2023-12-10,4604.37,14403.97,70.87,43773.63,144.88,121.0499,8407.90047619048,32307.86,17.3809,1.2539,16084.69,0.881,1.3595,7.1645,4.9324,7.8103,75.94
2023-12-11,4622.44,14432.49,70.95,41205.53,146.41,121.2212,8407.90047619048,32791.8,17.423,1.255,16221.73,0.8795,1.3568,7.1765,4.9404,7.8054,75.75
2023-12-12,4643.7,14533.4,68.27,41452.65,145.45,120.9825,8407.90047619048,32843.7,17.2989,1.2549,16354.25,0.8757,1.3611,7.1755,4.9635,7.8099,74.11
2023-12-13,4707.09,14733.96,69.09,42927.11,145.17,121.4667,8407.90047619048,32926.35,17.4146,1.2527,16562.37,0.8761,1.357,7.1725,4.9721,7.8137,74.14
2023-12-14,4719.55,14761.56,71.21,43031.34,141.53,119.8952,8407.90047619048,32686.25,17.2848,1.2767,16537.83,0.8639,1.3404,7.1088,4.8976,7.8088,77.05
2023-12-15,4719.19,14813.92,71.05,41939.81,141.8,120.062,8407.90047619048,32970.55,17.181,1.2709,16623.45,0.8688,1.3374,7.1179,4.9391,7.8032,76.84
2023-12-16,4719.19,14813.92,71.05,42230.0,141.8,120.062,8407.90047619048,32970.55,17.181,1.2709,16623.45,0.8688,1.3374,7.1179,4.9391,7.8032,76.84
2023-12-17,4719.19,14813.92,71.05,41387.55,141.8,120.062,8407.90047619048,32970.55,17.181,1.2709,16623.45,0.8688,1.3374,7.1179,4.9391,7.8032,76.84
2023-12-18,4740.56,14905.19,72.16,42638.28,143.04,120.2386,8407.90047619048,32758.98,17.2043,1.2632,16729.8,0.8682,1.3391,7.1297,4.9363,7.7962,78.89
2023-12-19,4768.37,15003.22,73.23,42252.2,143.62,119.8116,8407.90047619048,33219.39,17.073,1.2751,16811.85,0.8609,1.334,7.1287,4.8638,7.799,79.82
2023-12-20,4698.35,14777.94,73.87,43647.01,143.77,119.8872,8407.90047619048,33675.94,17.078,1.266,16554.16,0.8615,1.3322,7.1355,4.8906,7.8059,81.1
2023-12-21,4746.75,14963.87,73.59,43876.98,142.16,119.6721,8407.90047619048,33140.47,17.0534,1.2668,16757.41,0.8577,1.3294,7.1381,4.8742,7.8095,80.73
2023-12-22,4754.63,14992.97,73.29,44015.6,142.6,119.4214,8407.90047619048,33169.05,16.983,1.272,16777.4,0.8564,1.3259,7.1315,4.8579,7.8137,80.23
2023-12-23,4754.63,14992.97,73.29,43715.59,142.6,119.4214,8407.90047619048,33169.05,16.983,1.272,16777.4,0.8564,1.3259,7.1315,4.8579,7.8137,80.23
2023-12-24,4754.63,14992.97,73.29,43006.55,142.6,119.4214,8407.90047619048,33169.05,16.983,1.272,16777.4,0.8564,1.3259,7.1315,4.8579,7.8137,80.23
2023-12-25,4754.63,14992.97,73.29,43603.68,142.6,119.4214,8407.90047619048,33254.03,16.983,1.272,16777.4,0.8564,1.3259,7.1315,4.8579,7.8137,80.23
2023-12-26,4774.75,15074.57,75.84,42520.26,142.48,119.2551,8407.90047619048,33305.85,16.9675,1.2709,16878.46,0.8552,1.3208,7.1432,4.826,7.8102,80.23
2023-12-27,4781.58,15099.18,74.31,43444.45,142.05,118.8525,8407.90047619048,33681.24,16.9138,1.2797,16906.8,0.8417,1.3201,7.1405,4.8321,7.8096,80.97
2023-12-28,4783.35,15095.14,72.02,42613.04,141.08,118.762,8407.90047619048,33539.62,16.909,1.2743,16898.47,0.8396,1.3202,7.1065,4.8514,7.815,79.04
2023-12-29,4769.83,15011.35,71.89,42056.3,140.92,118.7686,8407.90047619048,33464.17,16.8998,1.2743,16825.93,0.8405,1.3202,7.0999,4.8521,7.8109,77.69
2023-12-30,4769.83,15011.35,71.89,42164.76,140.92,118.7686,8407.90047619048,33464.17,16.8998,1.2743,16825.93,0.8405,1.3202,7.0999,4.8521,7.8109,77.69
2023-12-31,4769.83,15011.35,71.89,42300.78,140.92,118.7686,8407.90047619048,33464.17,16.8998,1.2743,16825.93,0.8405,1.3202,7.0999,4.8521,7.8109,77.69
2024-01-01,4769.83,15011.35,71.89,44229.57,140.92,118.7686,8351.33956521739,33464.17,16.8998,1.2743,16825.93,0.8405,1.3202,7.0999,4.8521,7.8109,77.69
2024-01-02,4742.83,14765.94,70.62,45030.04,141.89,119.6165,8351.33956521739,33464.17,17.014,1.2632,16543.94,0.8483,1.331,7.1426,4.8943,7.815,76.24
2024-01-03,4704.81,14592.21,72.97,42836.3,143.55,120.0407,8351.33956521739,33464.17,17.056,1.2641,16368.49,0.8523,1.3358,7.1497,4.9239,7.8078,77.18
2024-01-04,4688.68,14510.3,72.38,44230.11,144.59,119.9775,8351.33956521739,33288.29,17.048,1.2692,16282.01,0.8503,1.3355,7.1589,4.9143,7.8081,75.79
2024-01-05,4697.24,14524.07,74.0,44174.5,144.52,119.7474,8351.33956521739,33377.42,16.9141,1.274,16305.98,0.8486,1.3331,7.145,4.8744,7.8092,78.31
2024-01-06,4697.24,14524.07,74.0,44000.0,144.52,119.7474,8351.33956521739,33377.42,16.9141,1.274,16305.98,0.8486,1.3331,7.145,4.8744,7.8092,78.31
2024-01-07,4697.24,14524.07,74.0,43923.68,144.52,119.7474,8351.33956521739,33377.42,16.9141,1.274,16305.98,0.8486,1.3331,7.145,4.8744,7.8092,78.31
2024-01-08,4763.54,14843.77,71.06,47000.31,143.89,119.6237,8351.33956521739,33377.42,16.803,1.2766,16649.87,0.8466,1.3361,7.154,4.8745,7.8065,75.47
2024-01-09,4756.5,14857.71,72.43,46103.0,144.35,120.0296,8351.33956521739,33763.18,16.936,1.272,16678.7,0.8515,1.3384,7.1675,4.8956,7.8158,77.97
2024-01-10,4783.45,14969.65,71.57,46590.34,145.68,120.1258,8351.33956521739,34441.72,16.988,1.273,16793.05,0.8514,1.3379,7.1711,4.8929,7.8196,78.46
2024-01-11,4780.24,14970.19,72.15,46324.98,146.03,120.2516,8351.33956521739,35049.86,16.9867,1.2712,16820.9,0.8556,1.3439,7.167,4.8838,7.8186,80.21
2024-01-12,4783.83,14972.76,72.94,42797.41,144.86,119.9009,8351.33956521739,35577.11,16.851,1.2746,16832.92,0.8523,1.3399,7.1665,4.8536,7.8195,79.89
2024-01-13,4783.83,14972.76,72.94,42829.8,144.86,119.9009,8351.33956521739,35577.11,16.851,1.2746,16832.92,0.8523,1.3399,7.1665,4.8536,7.8195,79.89
2024-01-14,4783.83,14972.76,72.94,41715.82,144.86,119.9009,8351.33956521739,35577.11,16.851,1.2746,16832.92,0.8523,1.3399,7.1665,4.8536,7.8195,79.89
2024-01-15,4783.83,14972.76,72.94,42500.0,144.86,119.9009,8351.33956521739,35901.79,16.851,1.2746,16832.92,0.8523,1.3399,7.1665,4.8536,7.8195,79.76
2024-01-16,4765.98,14944.35,72.63,43152.59,147.01,120.9213,8351.33956521739,35619.18,17.1499,1.2657,16830.71,0.8604,1.3472,7.1874,4.9163,7.8263,80.15
2024-01-17,4739.21,14855.62,72.79,42705.07,148.39,121.3823,8351.33956521739,35477.75,17.265,1.2666,16736.28,0.8667,1.3523,7.196,4.928,7.8216,78.88
2024-01-18,4780.94,15055.65,74.32,41234.95,148.15,121.2366,8351.33956521739,35466.17,17.2035,1.2687,16982.29,0.8685,1.3503,7.1961,4.944,7.8209,81.04
2024-01-19,4839.81,15310.97,73.69,41633.68,148.21,120.9947,8351.33956521739,35963.27,17.116,1.2677,17314.0,0.8694,1.3467,7.1931,4.928,7.8184,80.71
2024-01-20,4839.81,15310.97,73.69,41664.79,148.21,120.9947,8351.33956521739,35963.27,17.116,1.2677,17314.0,0.8694,1.3467,7.1931,4.928,7.8184,80.71
2024-01-21,4839.81,15310.97,73.69,41565.85,148.21,120.9947,8351.33956521739,35963.27,17.116,1.2677,17314.0,0.8694,1.3467,7.1931,4.928,7.8184,80.71
2024-01-22,4850.43,15360.29,75.26,39547.64,147.95,120.9687,8351.33956521739,36546.95,17.1342,1.2728,17330.38,0.8686,1.3454,7.192,4.9815,7.8179,81.7
2024-01-23,4864.6,15425.94,74.72,39866.78,148.55,121.4244,8351.33956521739,36517.57,17.362,1.2661,17404.21,0.8718,1.3486,7.172,4.9744,7.8218,82.04
2024-01-24,4868.55,15481.92,75.48,40051.8,147.31,120.8336,8351.33956521739,36226.48,17.159,1.2754,17499.3,0.8631,1.3479,7.158,4.919,7.8179,82.15
2024-01-25,4894.16,15510.5,77.91,39944.5,147.69,121.167,8351.33956521739,36236.47,17.2283,1.27,17516.99,0.8674,1.3489,7.169,4.9272,7.8179,82.33
2024-01-26,4890.97,15455.36,78.45,41792.29,147.94,120.9665,8351.33956521739,35751.07,17.1442,1.272,17421.01,0.8635,1.3456,7.1763,4.9135,7.8138,83.34
2024-01-27,4890.97,15455.36,78.45,42144.13,147.94,120.9665,8351.33956521739,35751.07,17.1442,1.272,17421.01,0.8635,1.3456,7.1763,4.9135,7.8138,83.34
2024-01-28,4890.97,15455.36,78.45,41991.74,147.94,120.9665,8351.33956521739,35751.07,17.1442,1.272,17421.01,0.8635,1.3456,7.1763,4.9135,7.8138,83.34
2024-01-29,4927.93,15628.04,77.25,43272.35,147.65,121.1888,8351.33956521739,36026.94,17.2418,1.2681,17596.27,0.864,1.3439,7.1798,4.9422,7.8131,83.99
2024-01-30,4924.97,15509.9,78.3,42985.96,147.71,120.9442,8351.33956521739,36065.86,17.1794,1.2683,17476.71,0.8624,1.3409,7.1755,4.9627,7.8174,84.14
2024-01-31,4845.65,15164.01,76.28,42599.49,146.26,120.7727,8351.33956521739,36286.71,17.1762,1.2733,17137.24,0.8587,1.3384,7.1673,4.939,7.8175,82.98
2024-02-01,4906.19,15361.64,74.36,43090.14,146.18,120.6832,8304.95047619048,36011.46,17.102,1.2727,17344.71,0.8579,1.338,7.1799,4.9195,7.8192,82.2
2024-02-02,4958.61,15628.95,72.72,43187.41,148.54,121.2438,8304.95047619048,36158.02,17.155,1.2627,17642.73,0.8676,1.3458,7.192,4.97,7.8202,79.54
2024-02-03,4958.61,15628.95,72.72,42987.78,148.54,121.2438,8304.95047619048,36158.02,17.155,1.2627,17642.73,0.8676,1.3458,7.192,4.97,7.8202,79.54
2024-02-04,4958.61,15628.95,72.72,42566.63,148.54,121.2438,8304.95047619048,36158.02,17.155,1.2627,17642.73,0.8676,1.3458,7.192,4.97,7.8202,79.54
2024-02-05,4942.81,15597.68,73.21,42654.6,148.79,121.6831,8304.95047619048,36354.16,17.168,1.2532,17613.04,0.8711,1.3533,7.1982,5.0018,7.8213,79.3
2024-02-06,4954.23,15609.0,73.83,43093.37,148.03,121.3021,8304.95047619048,36160.66,17.0265,1.2589,17572.73,0.8702,1.3499,7.1908,4.9539,7.8233,80.46
2024-02-07,4995.06,15756.64,74.26,44393.14,148.04,121.2518,8304.95047619048,36119.92,17.043,1.2629,17755.07,0.8731,1.347,7.1943,4.9628,7.819,81.18
2024-02-08,4997.91,15793.71,76.67,45345.8,149.25,121.4226,8304.95047619048,36863.28,17.1182,1.262,17783.17,0.8736,1.3463,7.1965,4.994,7.8212,83.01
2024-02-09,5026.61,15990.66,77.26,47154.45,149.38,121.3851,8304.95047619048,36897.42,17.0937,1.2628,17962.41,0.875,1.3478,7.1929,4.9678,7.8198,83.58
2024-02-10,5026.61,15990.66,77.26,47798.39,149.38,121.3851,8304.95047619048,36897.42,17.0937,1.2628,17962.41,0.875,1.3478,7.1929,4.9678,7.8198,83.58
2024-02-11,5026.61,15990.66,77.26,48312.28,149.38,121.3851,8304.95047619048,36897.42,17.0937,1.2628,17962.41,0.875,1.3478,7.1929,4.9678,7.8198,83.58
2024-02-12,5021.84,15942.55,77.34,49961.0,149.37,121.2839,8304.95047619048,36897.42,17.0591,1.2631,17882.66,0.8759,1.3437,7.1928,4.9536,7.8198,83.88
2024-02-13,4953.17,15655.6,78.28,49691.47,150.72,121.8558,8304.95047619048,37963.97,17.202,1.2606,17600.42,0.8863,1.3563,7.1928,4.9536,7.819,84.72
2024-02-14,5000.62,15859.15,77.09,51833.46,150.5,121.7411,8304.95047619048,37703.32,17.097,1.2562,17807.63,0.8852,1.355,7.1928,4.9653,7.8185,84.41
2024-02-15,5029.73,15906.17,78.47,51935.86,150.19,121.5567,8304.95047619048,38157.94,17.081,1.258,17845.72,0.8808,1.3493,7.1928,4.9739,7.8198,84.33
2024-02-16,5005.57,15775.65,79.65,52181.12,150.34,121.4984,8304.95047619048,38487.24,17.062,1.259,17685.98,0.8813,1.3483,7.1928,4.9702,7.8221,84.88
2024-02-17,5005.57,15775.65,79.65,51677.7,150.34,121.4984,8304.95047619048,38487.24,17.062,1.259,17685.98,0.8813,1.3483,7.1928,4.9702,7.8221,84.88
2024-02-18,5005.57,15775.65,79.65,52160.7,150.34,121.4984,8304.95047619048,38487.24,17.062,1.259,17685.98,0.8813,1.3483,7.1928,4.9702,7.8221,84.88
2024-02-19,5005.57,15775.65,79.65,51766.22,150.34,121.4984,8304.95047619048,38470.38,17.062,1.259,17685.98,0.8813,1.3483,7.1928,4.9702,7.8221,85.52
2024-02-20,4975.51,15630.78,78.72,52284.38,149.87,121.3769,8304.95047619048,38363.61,17.0444,1.2645,17546.1,0.8807,1.3517,7.1905,4.9324,7.8209,84.78
2024-02-21,4981.8,15580.87,78.89,51833.99,150.29,121.3918,8304.95047619048,38262.16,17.058,1.2624,17478.91,0.8799,1.3504,7.1891,4.9276,7.8208,84.77
2024-02-22,5087.03,16041.62,79.64,51262.51,150.62,121.4589,8304.95047619048,39098.68,17.133,1.2649,18004.7,0.8816,1.3496,7.1944,4.9408,7.8218,85.84
2024-02-23,5088.8,15996.82,77.6,50751.19,150.36,121.3991,8304.95047619048,39098.68,17.1034,1.2678,17937.61,0.8804,1.3502,7.197,4.976,7.824,84.18
2024-02-24,5088.8,15996.82,77.6,51553.18,150.36,121.3991,8304.95047619048,39098.68,17.1034,1.2678,17937.61,0.8804,1.3502,7.197,4.976,7.824,84.18
2024-02-25,5088.8,15996.82,77.6,51729.95,150.36,121.3991,8304.95047619048,39098.68,17.1034,1.2678,17937.61,0.8804,1.3502,7.197,4.976,7.824,84.18
2024-02-26,5069.53,15976.25,78.53,54559.0,150.79,121.4197,8304.95047619048,39233.71,17.1077,1.2681,17933.33,0.8801,1.3513,7.1972,4.989,7.8239,84.01
2024-02-27,5078.18,16035.3,79.8,57064.29,150.46,121.3297,8304.95047619048,39239.52,17.0716,1.2693,17971.05,0.8792,1.3522,7.1977,4.9423,7.825,83.8
2024-02-28,5069.76,15947.74,79.44,62479.39,150.68,121.4886,8304.95047619048,39208.03,17.0896,1.267,17874.5,0.8786,1.357,7.1976,4.952,7.8275,84.08
2024-02-29,5096.27,16091.92,79.22,61240.13,149.9,121.5385,8304.95047619048,39166.19,17.058,1.2632,18043.85,0.8833,1.3568,7.1977,4.971,7.8286,84.57
2024-03-01,5137.08,16274.94,80.9,62468.47,150.2,121.3741,8692.81904761905,39910.82,17.0055,1.2652,18302.91,0.8844,1.3553,7.196,4.9483,7.8289,84.82
2024-03-02,5137.08,16274.94,80.9,62026.06,150.2,121.3741,8692.81904761905,39910.82,17.0055,1.2652,18302.91,0.8844,1.3553,7.196,4.9483,7.8289,84.82
2024-03-03,5137.08,16274.94,80.9,63209.21,150.2,121.3741,8692.81904761905,39910.82,17.0055,1.2652,18302.91,0.8844,1.3553,7.196,4.9483,7.8289,84.82
2024-03-04,5130.95,16207.51,79.67,68277.61,150.44,121.2454,8692.81904761905,40109.23,16.9628,1.2701,18226.48,0.8841,1.3563,7.1987,4.9428,7.8243,86.58
2024-03-05,5078.65,15939.59,79.11,63893.71,150.14,121.2575,8692.81904761905,40097.63,16.9287,1.2712,17897.87,0.8837,1.3579,7.1965,4.9565,7.8237,85.82
2024-03-06,5104.76,16031.54,80.08,66092.71,149.17,120.8481,8692.81904761905,40090.78,16.861,1.2757,18017.57,0.8812,1.3509,7.1977,4.9351,7.8242,86.59
2024-03-07,5157.36,16273.38,79.81,66914.79,148.08,120.5744,8692.81904761905,39598.71,16.8688,1.2796,18297.99,0.8781,1.3466,7.1925,4.9319,7.8207,84.88
2024-03-08,5123.69,16085.11,78.96,68313.7,147.17,120.3612,8692.81904761905,39688.94,16.8082,1.2852,18018.45,0.8766,1.3468,7.1855,4.9766,7.8209,84.29
2024-03-09,5123.69,16085.11,78.96,68503.25,147.17,120.3612,8692.81904761905,39688.94,16.8082,1.2852,18018.45,0.8766,1.3468,7.1855,4.9766,7.8209,84.29
2024-03-10,5123.69,16085.11,78.96,68997.88,147.17,120.3612,8692.81904761905,39688.94,16.8082,1.2852,18018.45,0.8766,1.3468,7.1855,4.9766,7.8209,84.29
2024-03-11,5117.94,16019.27,78.87,72202.19,146.86,120.4205,8692.81904761905,38820.49,16.8134,1.2807,17951.69,0.8783,1.3485,7.182,4.9678,7.8198,83.44
2024-03-12,5175.27,16265.64,78.51,71471.62,147.69,120.5468,8692.81904761905,38797.51,16.8281,1.2786,18219.11,0.8782,1.3495,7.1804,4.982,7.8237,83.66
2024-03-13,5165.31,16177.77,80.67,73098.48,147.73,120.3533,8692.81904761905,38695.97,16.73,1.2799,18068.47,0.878,1.347,7.1875,4.9763,7.8227,83.95
2024-03-14,5150.48,16128.53,82.16,71456.55,148.19,120.6272,8692.81904761905,38807.38,16.694,1.2749,18014.81,0.8834,1.3516,7.1932,4.9812,7.8218,86.16
2024-03-15,5117.09,15973.17,81.94,69492.42,149.14,120.7884,8692.81904761905,38707.64,16.6889,1.2742,17808.25,0.8837,1.353,7.1953,4.9948,7.821,85.39
2024-03-16,5117.09,15973.17,81.94,65521.12,149.14,120.7884,8692.81904761905,38707.64,16.6889,1.2742,17808.25,0.8837,1.353,7.1953,4.9948,7.821,85.39
2024-03-17,5117.09,15973.17,81.94,68360.1,149.14,120.7884,8692.81904761905,38707.64,16.6889,1.2742,17808.25,0.8837,1.353,7.1953,4.9948,7.821,85.39
2024-03-18,5149.42,16103.45,83.68,67566.95,149.13,120.9572,8692.81904761905,39740.44,16.784,1.2736,17985.01,0.8862,1.354,7.1981,5.0194,7.8199,86.47
2024-03-19,5178.51,16166.79,84.39,61977.96,150.73,121.3111,8692.81904761905,40003.6,16.842,1.2713,18032.2,0.8882,1.3578,7.1991,5.0214,7.8228,87.36
2024-03-20,5224.62,16369.41,82.79,67862.33,151.66,121.3092,8692.81904761905,40003.6,16.7713,1.2713,18240.11,0.8911,1.3562,7.1992,5.0041,7.8239,85.77
2024-03-21,5241.53,16401.84,81.99,65505.11,151.59,121.1869,8692.81904761905,40815.66,16.739,1.267,18320.38,0.8993,1.3536,7.1993,4.9785,7.8216,84.92
2024-03-22,5234.18,16428.82,81.1,63712.44,151.35,121.5694,8692.81904761905,40888.43,16.7249,1.2603,18339.44,0.8983,1.3594,7.2289,4.9872,7.8219,84.87
2024-03-23,5234.18,16428.82,81.1,64032.45,151.35,121.5694,8692.81904761905,40888.43,16.7249,1.2603,18339.44,0.8983,1.3594,7.2289,4.9872,7.8219,84.87
2024-03-24,5234.18,16428.82,81.1,67297.56,151.35,121.5694,8692.81904761905,40888.43,16.7249,1.2603,18339.44,0.8983,1.3594,7.2289,4.9872,7.8219,84.87
2024-03-25,5218.19,16384.47,82.41,69914.45,151.42,121.4143,8692.81904761905,40414.12,16.7097,1.2648,18277.06,0.8983,1.3579,7.2102,4.9859,7.8213,86.18
2024-03-26,5203.58,16315.7,82.41,69976.26,151.58,121.4613,8692.81904761905,40398.03,16.687,1.263,18210.54,0.9027,1.3568,7.2176,4.991,7.8231,85.91
2024-03-27,5248.49,16399.52,82.15,69372.26,151.35,121.4048,8692.81904761905,40762.73,16.537,1.2631,18280.84,0.9056,1.3586,7.227,4.9756,7.8237,84.94
2024-03-28,5254.35,16379.46,83.96,70770.78,151.35,121.4498,8692.81904761905,40168.07,16.613,1.2634,18254.69,0.9006,1.353,7.2262,5.0042,7.8263,86.17
2024-03-29,5254.35,16379.46,83.96,69933.54,151.22,121.4062,8692.81904761905,40369.44,16.5574,1.2637,18254.69,0.9015,1.354,7.2203,5.0153,7.8259,86.17
2024-03-30,5254.35,16379.46,83.96,69654.17,151.22,121.4062,8692.81904761905,40369.44,16.5574,1.2637,18254.69,0.9015,1.354,7.2203,5.0153,7.8259,86.17
2024-03-31,5254.35,16379.46,83.96,71213.11,151.22,121.4062,8692.81904761905,40369.44,16.5574,1.2637,18254.69,0.9015,1.354,7.2203,5.0153,7.8259,86.17
2024-04-01,5243.77,16396.83,84.54,69702.13,151.72,121.8884,9445.59363636363,39803.09,16.656,1.2545,18293.2,0.9055,1.3579,7.2308,5.067,7.8259,86.17
2024-04-02,5205.81,16240.45,85.95,65478.7,151.55,121.6881,9445.59363636363,39838.91,16.5727,1.2576,18121.78,0.9071,1.357,7.232,5.0528,7.8284,87.63
2024-04-03,5211.49,16277.46,86.22,65982.23,151.67,121.4129,9445.59363636363,39451.85,16.549,1.2635,18160.19,0.9038,1.3521,7.233,5.0621,7.8288,90.6
2024-04-04,5147.21,16049.08,87.37,68415.92,151.66,121.1646,9445.59363636363,39773.14,16.5076,1.2669,17878.78,0.9049,1.3493,7.2339,5.0086,7.8285,90.32
2024-04-05,5204.34,16248.52,87.69,67878.68,151.59,121.3671,9445.59363636363,38992.08,16.4809,1.2633,18108.46,0.9005,1.358,7.2339,5.0638,7.8284,92.81
2024-04-06,5204.34,16248.52,87.69,68946.12,151.59,121.3671,9445.59363636363,38992.08,16.4809,1.2633,18108.46,0.9005,1.358,7.2339,5.0638,7.8284,92.81
2024-04-07,5204.34,16248.52,87.69,69344.77,151.59,121.3671,9445.59363636363,38992.08,16.4809,1.2633,18108.46,0.9005,1.358,7.2339,5.0638,7.8284,92.81
2024-04-08,5202.39,16253.96,87.24,71607.88,151.78,121.1487,9445.59363636363,39347.04,16.325,1.2655,18100.19,0.9051,1.3583,7.2305,5.0292,7.8312,91.73
2024-04-09,5209.91,16306.64,86.04,69100.81,151.73,121.1215,9445.59363636363,39773.13,16.3579,1.2676,18169.9,0.9032,1.3583,7.2316,5.0049,7.8308,92.13
2024-04-10,5160.64,16170.36,86.98,70554.77,152.9,121.9628,9445.59363636363,39581.81,16.5073,1.2544,18011.65,0.9127,1.3688,7.2341,5.0736,7.8347,91.57
2024-04-11,5199.06,16442.2,85.79,70001.36,153.19,122.003,9445.59363636363,39442.63,16.4345,1.2535,18307.98,0.9107,1.3705,7.2373,5.0763,7.8368,91.49
2024-04-12,5123.41,16175.09,86.46,67107.27,153.12,122.6566,9445.59363636363,39523.55,16.6577,1.2457,18003.49,0.912,1.3756,7.2374,5.1374,7.8367,93.12
2024-04-13,5123.41,16175.09,86.46,64034.0,153.12,122.6566,9445.59363636363,39523.55,16.6577,1.2457,18003.49,0.912,1.3756,7.2374,5.1374,7.8367,93.12
2024-04-14,5123.41,16175.09,86.46,65643.19,153.12,122.6566,9445.59363636363,39523.55,16.6577,1.2457,18003.49,0.912,1.3756,7.2374,5.1374,7.8367,93.12
2024-04-15,5061.82,15885.02,86.21,63359.28,154.25,122.7932,9445.59363636363,39232.8,16.639,1.2466,17706.83,0.9137,1.3751,7.2382,5.1791,7.8285,90.84
2024-04-16,5051.41,15865.25,86.15,63840.0,154.57,123.4732,9445.59363636363,38471.2,16.9944,1.2437,17713.66,0.9128,1.3824,7.2383,5.2679,7.8319,91.29
2024-04-17,5022.21,15683.37,83.58,61267.8,154.61,123.375,9445.59363636363,37961.8,16.9775,1.2443,17493.62,0.9121,1.3804,7.2389,5.2401,7.831,89.54
2024-04-18,5011.12,15601.5,83.5,63447.36,154.61,123.3481,9445.59363636363,38079.7,17.1169,1.2465,17394.31,0.9115,1.3755,7.2382,5.2567,7.8314,88.34
2024-04-19,4967.23,15282.01,83.79,63836.5,154.55,123.4459,9445.59363636363,37068.35,17.2062,1.2397,17037.65,0.9092,1.3742,7.2403,5.2103,7.8334,87.96
2024-04-20,4967.23,15282.01,83.79,64905.95,154.55,123.4459,9445.59363636363,37068.35,17.2062,1.2397,17037.65,0.9092,1.3742,7.2403,5.2103,7.8334,87.96
2024-04-21,4967.23,15282.01,83.79,64950.7,154.55,123.4459,9445.59363636363,37068.35,17.2062,1.2397,17037.65,0.9092,1.3742,7.2403,5.2103,7.8334,87.96
2024-04-22,5010.6,15451.31,83.82,66828.83,154.77,123.4011,9445.59363636363,37438.61,17.118,1.2341,17210.89,0.9119,1.3721,7.2403,5.209,7.8334,87.3
2024-04-23,5070.55,15696.64,84.17,66472.3,154.81,123.0779,9445.59363636363,37552.16,17.0097,1.2434,17471.47,0.9117,1.3676,7.2445,5.1919,7.8361,88.29
2024-04-24,5071.63,15712.75,84.09,64198.5,155.11,123.2398,9445.59363636363,38460.08,17.101,1.2434,17526.8,0.9141,1.3721,7.246,5.157,7.832,89.02
2024-04-25,5048.42,15611.76,84.92,64510.14,155.52,123.1916,9445.59363636363,37628.48,17.185,1.2494,17430.5,0.9134,1.3691,7.246,5.1643,7.8283,88.1
2024-04-26,5099.96,15927.9,85.38,63747.32,157.62,123.3004,9445.59363636363,37934.76,17.1436,1.2474,17718.3,0.9142,1.3678,7.2464,5.1143,7.8281,89.95
2024-04-27,5099.96,15927.9,85.38,63445.48,157.62,123.3004,9445.59363636363,37934.76,17.1436,1.2474,17718.3,0.9142,1.3678,7.2464,5.1143,7.8281,89.95
2024-04-28,5099.96,15927.9,85.38,62991.27,157.62,123.3004,9445.59363636363,37934.76,17.1436,1.2474,17718.3,0.9142,1.3678,7.2464,5.1143,7.8281,89.95
2024-04-29,5116.17,15983.08,84.26,63804.4,156.71,122.9074,9445.59363636363,37934.76,17.0137,1.2553,17782.72,0.9108,1.3649,7.2318,5.1169,7.8263,88.44
2024-04-30,5035.69,15657.82,83.49,60690.8,157.54,123.3446,9445.59363636363,38405.66,17.0642,1.2514,17440.69,0.9174,1.3748,7.2401,5.1764,7.821,88.23
2024-05-01,5018.39,15605.48,80.7,58278.09,157.65,123.3776,10117.1634782609,38274.05,17.0204,1.2488,17318.55,0.9195,1.376,7.2405,5.1936,7.8234,83.55
2024-05-02,5064.2,15840.96,80.59,59071.21,153.77,122.8047,10117.1634782609,38236.07,16.9286,1.2507,17541.54,0.9119,1.3696,7.2405,5.1131,7.8155,84.81
2024-05-03,5127.79,16156.33,79.65,62855.86,152.85,122.5056,10117.1634782609,38236.07,17.032,1.255,17890.8,0.9047,1.3683,7.2405,5.072,7.8116,83.6
2024-05-04,5127.79,16156.33,79.65,63994.27,152.85,122.5056,10117.1634782609,38236.07,17.032,1.255,17890.8,0.9047,1.3683,7.2405,5.072,7.8116,83.6
2024-05-05,5127.79,16156.33,79.65,64058.54,152.85,122.5056,10117.1634782609,38236.07,17.032,1.255,17890.8,0.9047,1.3683,7.2405,5.072,7.8116,83.6
2024-05-06,5180.74,16349.25,80.1,63145.67,153.85,122.2529,10117.1634782609,38236.07,16.9016,1.2575,18093.57,0.9052,1.3655,7.2071,5.0648,7.8162,83.6
2024-05-07,5187.7,16332.56,79.97,62344.02,154.59,122.4588,10117.1634782609,38835.1,16.908,1.2535,18091.45,0.9072,1.3712,7.2185,5.0656,7.8212,82.69
2024-05-08,5187.67,16302.76,80.57,61156.89,155.42,122.5562,10117.1634782609,38202.37,16.9039,1.2503,18085.01,0.9076,1.3719,7.2185,5.0645,7.8166,82.44
2024-05-09,5214.08,16346.26,80.86,63088.62,155.68,122.5322,10117.1634782609,38073.98,16.859,1.2505,18113.46,0.9072,1.369,7.2198,5.1568,7.8146,83.27
2024-05-10,5222.68,16340.87,79.81,60801.1,155.85,122.3898,10117.1634782609,38229.11,16.765,1.2528,18161.18,0.9063,1.3663,7.226,5.1545,7.8135,83.39
2024-05-11,5222.68,16340.87,79.81,60790.01,155.85,122.3898,10117.1634782609,38229.11,16.765,1.2528,18161.18,0.9063,1.3663,7.226,5.1545,7.8135,83.39
2024-05-12,5222.68,16340.87,79.81,61493.64,155.85,122.3898,10117.1634782609,38229.11,16.765,1.2528,18161.18,0.9063,1.3663,7.226,5.1545,7.8135,83.39
2024-05-13,5221.42,16388.24,80.71,62909.03,156.17,122.4068,10117.1634782609,38179.46,16.807,1.2563,18198.61,0.9075,1.3675,7.2325,5.1605,7.8112,83.18
2024-05-14,5246.68,16511.18,79.62,61558.14,156.5,122.3094,10117.1634782609,38356.06,16.8402,1.2588,18322.77,0.9067,1.365,7.2335,5.1348,7.8119,81.0
2024-05-15,5308.15,16742.39,80.23,66293.39,155.02,121.7471,10117.1634782609,38385.73,16.6831,1.2658,18596.65,0.9041,1.3612,7.219,5.1298,7.8104,79.98
2024-05-16,5297.1,16698.32,80.85,65282.62,155.25,121.6189,10117.1634782609,38920.26,16.6839,1.2682,18557.96,0.9044,1.3606,7.2181,5.1277,7.8023,81.65
2024-05-17,5303.27,16685.97,81.66,66941.22,155.57,121.638,10117.1634782609,38787.38,16.6162,1.2703,18546.23,0.9079,1.3615,7.2233,5.1155,7.8016,82.24
2024-05-18,5303.27,16685.97,81.66,66982.74,155.57,121.638,10117.1634782609,38787.38,16.6162,1.2703,18546.23,0.9079,1.3615,7.2233,5.1155,7.8016,82.24
2024-05-19,5303.27,16685.97,81.66,66267.1,155.57,121.638,10117.1634782609,38787.38,16.6162,1.2703,18546.23,0.9079,1.3615,7.2233,5.1155,7.8016,82.24
2024-05-20,5308.13,16794.87,81.39,71466.21,156.09,121.6377,10117.1634782609,39069.68,16.5621,1.2708,18674.19,0.9097,1.3611,7.2344,5.097,7.7979,81.91
2024-05-21,5321.41,16832.62,80.66,70191.19,156.08,121.7864,10117.1634782609,38946.93,16.5946,1.271,18713.8,0.9108,1.3644,7.2376,5.1123,7.8038,81.22
2024-05-22,5307.01,16801.54,79.15,69145.91,156.49,121.9514,10117.1634782609,38617.1,16.6206,1.2739,18705.2,0.914,1.3667,7.2405,5.146,7.8064,79.9
2024-05-23,5267.84,16736.03,77.47,67903.82,157.05,122.1493,10117.1634782609,39103.22,16.7065,1.2717,18623.39,0.9144,1.3696,7.2421,5.15,7.8087,79.25
2024-05-24,5304.72,16920.79,78.48,68567.61,156.9,122.0215,10117.1634782609,38646.11,16.6813,1.2746,18808.35,0.9143,1.3665,7.2425,5.1491,7.8128,78.92
2024-05-25,5304.72,16920.79,78.48,69304.6,156.9,122.0215,10117.1634782609,38646.11,16.6813,1.2746,18808.35,0.9143,1.3665,7.2425,5.1491,7.8128,78.92
2024-05-26,5304.72,16920.79,78.48,68474.6,156.9,122.0215,10117.1634782609,38646.11,16.6813,1.2746,18808.35,0.9143,1.3665,7.2425,5.1491,7.8128,78.92
2024-05-27,5304.72,16920.79,78.48,69363.83,156.9,122.0215,10117.1634782609,38900.02,16.6813,1.2746,18808.35,0.9143,1.3665,7.2425,5.1491,7.8128,78.92
2024-05-28,5306.04,17019.88,80.9,68350.32,156.9,121.8382,10117.1634782609,38855.37,16.7039,1.2786,18869.44,0.9106,1.363,7.2451,5.1541,7.8112,81.34
2024-05-29,5266.95,16920.58,80.24,67573.57,157.62,122.5535,10117.1634782609,38556.87,16.937,1.2714,18736.75,0.9135,1.3702,7.2494,5.203,7.8134,81.5
2024-05-30,5235.48,16737.08,78.96,68356.11,156.63,122.356,10117.1634782609,38054.13,16.9232,1.2739,18538.66,0.9036,1.3668,7.2493,5.2034,7.8174,81.42
2024-05-31,5277.51,16735.02,77.97,67506.03,157.19,122.4845,10117.1634782609,38487.9,16.994,1.2738,18536.65,0.9034,1.3646,7.241,5.2413,7.8199,79.41
2024-06-01,5277.51,16735.02,77.97,67719.96,157.19,122.4845,9648.167,38487.9,16.994,1.2738,18536.65,0.9034,1.3646,7.241,5.2413,7.8199,79.41
2024-06-02,5277.51,16735.02,77.97,67721.84,157.19,122.4845,9648.167,38487.9,16.994,1.2738,18536.65,0.9034,1.3646,7.241,5.2413,7.8199,79.41
2024-06-03,5283.4,16828.67,75.26,68794.57,156.04,122.7156,9648.167,38923.03,17.578,1.2795,18600.97,0.8954,1.3626,7.242,5.2345,7.8198,76.45
2024-06-04,5291.34,16857.05,74.27,70596.56,154.87,123.0715,9648.167,38837.46,17.858,1.2785,18654.84,0.8904,1.3684,7.2393,5.2887,7.8126,75.33
2024-06-05,5354.03,17187.9,75.08,71164.39,156.21,122.9014,9648.167,38490.17,17.534,1.2771,19035.05,0.894,1.3705,7.2475,5.2824,7.8112,75.41
2024-06-06,5352.96,17173.12,76.52,70770.7,155.98,122.7416,9648.167,38703.51,17.5212,1.2786,19021.19,0.8917,1.3684,7.2451,5.2549,7.8108,77.62
2024-06-07,5346.99,17133.13,76.53,69283.58,156.58,123.8707,9648.167,38683.93,18.2662,1.2727,19000.95,0.896,1.3747,7.2466,5.2731,7.8107,78.12
2024-06-08,5346.99,17133.13,76.53,69305.9,156.58,123.8707,9648.167,38683.93,18.2662,1.2727,19000.95,0.896,1.3747,7.2466,5.2731,7.8107,78.12
2024-06-09,5346.99,17133.13,76.53,69654.99,156.58,123.8707,9648.167,38683.93,18.2662,1.2727,19000.95,0.896,1.3747,7.2466,5.2731,7.8107,78.12
2024-06-10,5360.79,17192.53,78.75,69490.62,156.93,124.2232,9648.167,39038.16,18.404,1.2733,19074.67,0.8968,1.3755,7.2475,5.3645,7.8132,79.59
2024-06-11,5375.32,17343.55,78.88,67316.44,157.32,124.345,9648.167,39134.79,18.435,1.2725,19210.18,0.8987,1.3764,7.2544,5.3529,7.8116,80.15
2024-06-12,5421.03,17608.44,79.56,68270.98,155.88,124.1411,9648.167,38876.71,18.739,1.2843,19465.18,0.8918,1.369,7.2544,5.392,7.8083,80.52
2024-06-13,5433.74,17667.56,79.61,66764.3,156.77,124.3287,9648.167,38720.47,18.5611,1.2764,19576.92,0.8935,1.3746,7.2519,5.3777,7.8104,81.44
2024-06-14,5431.6,17688.88,79.41,66022.42,157.28,124.4755,9648.167,38814.56,18.4519,1.2685,19659.8,0.8907,1.3735,7.2557,5.3559,7.8118,81.49
2024-06-15,5431.6,17688.88,79.41,66154.97,157.28,124.4755,9648.167,38814.56,18.4519,1.2685,19659.8,0.8907,1.3735,7.2557,5.3559,7.8118,81.49
2024-06-16,5431.6,17688.88,79.41,66613.62,157.28,124.4755,9648.167,38814.56,18.4519,1.2685,19659.8,0.8907,1.3735,7.2557,5.3559,7.8118,81.49
2024-06-17,5473.23,17857.02,81.33,66517.55,157.8,124.5427,9648.167,38102.44,18.4897,1.2689,19902.75,0.8914,1.3752,7.2561,5.4173,7.8106,82.45
2024-06-18,5487.03,17862.23,82.67,65126.6,157.81,124.2835,9648.167,38482.11,18.3918,1.2699,19908.86,0.8842,1.3723,7.2543,5.4054,7.8075,84.79
2024-06-19,5487.03,17862.23,82.67,64903.53,157.81,124.2835,9648.167,38570.76,18.3918,1.2699,19908.86,0.8842,1.3723,7.2543,5.4054,7.8075,85.64
2024-06-20,5473.17,17721.59,83.34,64842.53,158.77,124.496,9648.167,38633.02,18.395,1.2671,19752.3,0.8912,1.3703,7.2604,5.4471,7.8042,85.92
2024-06-21,5464.62,17689.36,81.71,64136.38,159.45,124.4247,9648.167,38596.47,18.1995,1.2645,19700.43,0.8938,1.3698,7.2609,5.4539,7.8051,86.42
2024-06-22,5464.62,17689.36,81.71,64258.23,159.45,124.4247,9648.167,38596.47,18.1995,1.2645,19700.43,0.8938,1.3698,7.2609,5.4539,7.8051,86.42
2024-06-23,5464.62,17689.36,81.71,63214.36,159.45,124.4247,9648.167,38596.47,18.1995,1.2645,19700.43,0.8938,1.3698,7.2609,5.4539,7.8051,86.42
2024-06-24,5447.87,17496.82,82.63,60236.01,159.71,124.0379,9648.167,38804.65,18.0039,1.2684,19474.62,0.8939,1.3658,7.2586,5.4025,7.8079,86.75
2024-06-25,5469.3,17717.65,81.97,61820.98,159.68,124.26,9648.167,39173.15,18.125,1.2677,19701.13,0.8944,1.3658,7.2629,5.4358,7.8091,86.81
2024-06-26,5477.9,17805.16,82.19,60794.33,160.68,124.5696,9648.167,39667.07,18.1658,1.2625,19751.05,0.8973,1.3697,7.2666,5.5081,7.8089,85.76
2024-06-27,5482.87,17858.68,83.04,61622.64,160.7,124.6406,9648.167,39341.54,18.318,1.2653,19789.03,0.898,1.3693,7.2688,5.5295,7.8086,87.0
2024-06-28,5460.48,17732.6,82.83,60322.28,160.88,124.5172,9648.167,39583.08,18.261,1.264,19682.87,0.8992,1.3684,7.2672,5.5596,7.8083,87.26
2024-06-29,5460.48,17732.6,82.83,60890.24,160.88,124.5172,9648.167,39583.08,18.261,1.264,19682.87,0.8992,1.3684,7.2672,5.5596,7.8083,87.26
2024-06-30,5460.48,17732.6,82.83,62678.1,160.88,124.5172,9648.167,39583.08,18.261,1.264,19682.87,0.8992,1.3684,7.2672,5.5596,7.8083,87.26
2024-07-01,5475.09,17879.3,84.7,62870.34,161.55,124.7723,9385.31304347826,39631.06,18.386,1.265,19812.22,0.9039,1.3742,7.2683,5.5887,7.8117,86.57
2024-07-02,5509.01,18028.76,84.09,62056.54,161.53,124.608,9385.31304347826,40074.69,18.2249,1.2679,20011.89,0.9046,1.3691,7.2712,5.6768,7.8138,88.28
2024-07-03,5537.02,18188.3,85.19,60187.34,161.48,124.1096,9385.31304347826,40580.76,18.1141,1.2766,20186.63,0.9007,1.3624,7.2699,5.5724,7.8109,88.25
2024-07-04,5537.02,18188.3,85.19,57171.19,161.48,124.1096,9385.31304347826,40913.65,18.1141,1.2766,20186.63,0.9007,1.3624,7.2699,5.5724,7.8109,88.34
2024-07-05,5567.19,18352.76,84.44,56624.69,160.73,123.8192,9385.31304347826,40912.37,18.087,1.2807,20391.97,0.8976,1.3631,7.268,5.4802,7.812,88.66
2024-07-06,5567.19,18352.76,84.44,58219.33,160.73,123.8192,9385.31304347826,40912.37,18.087,1.2807,20391.97,0.8976,1.3631,7.268,5.4802,7.812,88.66
2024-07-07,5567.19,18352.76,84.44,55913.47,160.73,123.8192,9385.31304347826,40912.37,18.087,1.2807,20391.97,0.8976,1.3631,7.268,5.4802,7.812,88.66
2024-07-08,5572.85,18403.74,83.63,56684.73,160.77,123.706,9385.31304347826,40780.7,17.9935,1.2829,20439.54,0.8971,1.3637,7.2683,5.4587,7.8103,87.15
2024-07-09,5576.98,18429.29,82.78,57995.57,161.4,123.7559,9385.31304347826,41580.17,17.9441,1.2787,20453.02,0.8978,1.3636,7.2725,5.4316,7.8113,86.48
2024-07-10,5633.91,18647.45,83.39,57653.32,161.73,123.5508,9385.31304347826,41831.99,17.8331,1.2842,20675.38,0.8992,1.3608,7.2758,5.403,7.8107,86.55
2024-07-11,5584.54,18283.41,83.92,57384.82,158.58,123.1267,9385.31304347826,42224.02,17.8318,1.292,20211.36,0.8939,1.3619,7.2573,5.4265,7.8074,86.49
2024-07-12,5615.35,18398.45,83.49,57910.59,157.88,122.8093,9385.31304347826,41190.68,17.653,1.2986,20331.49,0.8942,1.3627,7.2495,5.4559,7.8073,87.35
2024-07-13,5615.35,18398.45,83.49,59251.21,157.88,122.8093,9385.31304347826,41190.68,17.653,1.2986,20331.49,0.8942,1.3627,7.2495,5.4559,7.8073,87.35
2024-07-14,5615.35,18398.45,83.49,60798.13,157.88,122.8093,9385.31304347826,41190.68,17.653,1.2986,20331.49,0.8942,1.3627,7.2495,5.4559,7.8073,87.35
2024-07-15,5631.22,18472.57,83.22,64772.57,157.89,123.0059,9385.31304347826,41190.68,17.766,1.2986,20386.88,0.8949,1.3662,7.2592,5.4383,7.8058,86.42
2024-07-16,5667.2,18509.34,81.92,65045.81,158.57,123.1024,9385.31304347826,41275.08,17.659,1.2958,20398.62,0.8953,1.3686,7.2685,5.4566,7.8072,86.6
2024-07-17,5588.27,17996.92,84.16,64157.33,156.56,122.892,9385.31304347826,41097.69,17.7487,1.3008,19799.14,0.8846,1.3683,7.2607,5.4769,7.8073,85.76
2024-07-18,5544.59,17871.22,84.17,63999.59,156.97,123.1548,9385.31304347826,40126.35,17.8452,1.2973,19705.09,0.8858,1.3695,7.26,5.5395,7.8098,86.26
2024-07-19,5505.0,17726.94,81.43,66771.26,157.38,123.5033,9385.31304347826,40063.79,17.9387,1.2922,19522.62,0.8884,1.3723,7.2695,5.5569,7.8104,85.19
2024-07-20,5505.0,17726.94,81.43,67216.19,157.38,123.5033,9385.31304347826,40063.79,17.9387,1.2922,19522.62,0.8884,1.3723,7.2695,5.5569,7.8104,85.19
2024-07-21,5505.0,17726.94,81.43,68239.64,157.38,123.5033,9385.31304347826,40063.79,17.9387,1.2922,19522.62,0.8884,1.3723,7.2695,5.5569,7.8104,85.19
2024-07-22,5564.41,18007.57,81.25,67585.54,157.08,123.5735,9385.31304347826,39599.0,17.926,1.2911,19822.87,0.89,1.3756,7.2736,5.5485,7.8067,83.44
2024-07-23,5555.74,17997.35,78.24,65923.74,156.02,123.7296,9385.31304347826,39594.39,18.0738,1.2916,19754.34,0.8915,1.3763,7.2748,5.5685,7.8084,82.2
2024-07-24,5427.13,17342.41,78.78,65430.69,153.39,123.8784,9385.31304347826,39154.85,18.3789,1.2925,19032.39,0.8838,1.3783,7.2622,5.6352,7.8087,83.01
2024-07-25,5399.22,17181.72,79.43,65816.21,153.97,123.8341,9385.31304347826,37869.51,18.3491,1.2884,18830.58,0.8802,1.3809,7.231,5.6254,7.8064,82.58
2024-07-26,5459.1,17357.88,78.58,67929.7,153.86,123.9862,9385.31304347826,37667.41,18.396,1.2864,19023.66,0.8826,1.3832,7.2502,5.6551,7.8072,81.35
2024-07-27,5459.1,17357.88,78.58,67805.48,153.86,123.9862,9385.31304347826,37667.41,18.396,1.2864,19023.66,0.8826,1.3832,7.2502,5.6551,7.8072,81.35
2024-07-28,5459.1,17357.88,78.58,68274.59,153.86,123.9862,9385.31304347826,37667.41,18.396,1.2864,19023.66,0.8826,1.3832,7.2502,5.6551,7.8072,81.35
2024-07-29,5463.54,17370.2,77.27,66827.89,153.96,124.4412,9385.31304347826,38468.63,18.6591,1.2853,19059.49,0.886,1.3853,7.2597,5.6514,7.81,80.94
2024-07-30,5436.44,17147.42,76.17,66200.81,153.72,124.576,9385.31304347826,38525.95,18.7983,1.2828,18796.27,0.8852,1.3848,7.2511,5.6543,7.8129,79.26
2024-07-31,5522.3,17599.4,79.36,64607.71,150.38,123.9223,9385.31304347826,39101.82,18.5975,1.284,19362.43,0.8797,1.3806,7.2193,5.6628,7.8117,81.39
2024-08-01,5446.68,17194.15,77.74,65342.4,150.06,124.1551,8981.11772727273,38126.33,18.6418,1.2772,18890.39,0.8744,1.3845,7.2441,5.6935,7.8153,81.37
2024-08-02,5346.56,16776.16,74.99,61466.66,146.98,123.7169,8981.11772727273,35909.7,18.9991,1.2798,18440.84,0.8605,1.3846,7.16,5.7359,7.8072,78.35
2024-08-03,5346.56,16776.16,74.99,60631.11,146.98,123.7169,8981.11772727273,35909.7,18.9991,1.2798,18440.84,0.8605,1.3846,7.16,5.7359,7.8072,78.35
2024-08-04,5346.56,16776.16,74.99,58181.05,146.98,123.7169,8981.11772727273,35909.7,18.9991,1.2798,18440.84,0.8605,1.3846,7.16,5.7359,7.8072,78.35
2024-08-05,5186.33,16200.08,74.46,54025.9,143.95,123.7919,8981.11772727273,31458.42,19.445,1.2765,17895.16,0.8528,1.382,7.13,5.7496,7.7852,77.51
2024-08-06,5240.03,16366.85,74.6,56096.88,145.11,123.8794,8981.11772727273,34675.46,19.3187,1.2695,18077.92,0.8533,1.3791,7.1563,5.6409,7.7942,76.62
2024-08-07,5199.5,16195.81,76.68,55100.98,147.42,123.8126,8981.11772727273,35089.62,19.1741,1.2718,17867.37,0.8652,1.3729,7.176,5.6,7.799,78.26
2024-08-08,5319.31,16660.02,77.64,61644.69,147.08,123.6961,8981.11772727273,34831.15,19.113,1.2741,18413.82,0.8656,1.3742,7.1747,5.6012,7.7924,80.76
2024-08-09,5344.16,16745.3,78.28,60818.65,146.49,123.1964,8981.11772727273,35025.0,18.8245,1.2766,18513.1,0.8639,1.3725,7.166,5.5099,7.7974,81.07
2024-08-10,5344.16,16745.3,78.28,60941.77,146.49,123.1964,8981.11772727273,35025.0,18.8245,1.2766,18513.1,0.8639,1.3725,7.166,5.5099,7.7974,81.07
2024-08-11,5344.16,16745.3,78.28,58732.95,146.49,123.1964,8981.11772727273,35025.0,18.8245,1.2766,18513.1,0.8639,1.3725,7.166,5.5099,7.7974,81.07
2024-08-12,5344.39,16780.61,81.45,59337.91,147.54,123.4942,8981.11772727273,35025.0,18.994,1.2776,18542.03,0.8673,1.3741,7.1744,5.5058,7.7907,83.06
2024-08-13,5434.43,17187.61,79.81,60596.01,146.97,123.2819,8981.11772727273,36232.51,19.0499,1.2828,19006.43,0.8654,1.3723,7.1558,5.4867,7.7888,82.51
2024-08-14,5455.21,17192.6,78.47,58779.3,146.86,122.7057,8981.11772727273,36442.43,18.8242,1.2849,19022.68,0.8638,1.3696,7.1382,5.4577,7.7923,82.15
2024-08-15,5543.22,17594.5,79.66,57502.3,148.91,122.8791,8981.11772727273,36726.64,18.6539,1.2863,19490.15,0.8712,1.3701,7.1734,5.461,7.7966,83.09
2024-08-16,5554.25,17631.72,78.05,58879.72,148.13,122.6944,8981.11772727273,38062.67,18.6169,1.2906,19508.52,0.8685,1.3705,7.1644,5.4751,7.7959,81.56
2024-08-17,5554.25,17631.72,78.05,59477.15,148.13,122.6944,8981.11772727273,38062.67,18.6169,1.2906,19508.52,0.8685,1.3705,7.1644,5.4751,7.7959,81.56
2024-08-18,5554.25,17631.72,78.05,58448.05,148.13,122.6944,8981.11772727273,38062.67,18.6169,1.2906,19508.52,0.8685,1.3705,7.1644,5.4751,7.7959,81.56
2024-08-19,5608.25,17876.77,75.82,59469.51,146.42,122.1762,8981.11772727273,37388.62,18.7425,1.2984,19766.49,0.8629,1.3659,7.1393,5.4048,7.7916,81.09
2024-08-20,5597.12,17816.94,75.27,59062.49,145.7,122.0677,8981.11772727273,38062.92,18.8923,1.3027,19719.82,0.8576,1.3631,7.132,5.4727,7.7889,78.85
2024-08-21,5620.85,17918.99,72.76,61193.87,145.19,122.1407,8981.11772727273,37951.8,19.191,1.3077,19824.84,0.8515,1.3583,7.1344,5.4737,7.794,78.77
2024-08-22,5570.64,17619.35,73.72,60378.7,145.97,122.6371,8981.11772727273,38211.01,19.437,1.3094,19491.84,0.8518,1.3605,7.144,5.5675,7.7969,78.8
2024-08-23,5634.61,17877.79,75.82,64130.87,144.86,121.7525,8981.11772727273,38364.27,19.094,1.3197,19720.87,0.8492,1.3514,7.1244,5.5102,7.7961,80.34
2024-08-24,5634.61,17877.79,75.82,64157.87,144.86,121.7525,8981.11772727273,38364.27,19.094,1.3197,19720.87,0.8492,1.3514,7.1244,5.5102,7.7961,80.34
2024-08-25,5634.61,17877.79,75.82,64286.9,144.86,121.7525,8981.11772727273,38364.27,19.094,1.3197,19720.87,0.8492,1.3514,7.1244,5.5102,7.7961,80.34
2024-08-26,5616.84,17725.76,78.4,62838.55,144.51,121.9678,8981.11772727273,38110.22,19.405,1.3185,19516.44,0.8479,1.3485,7.1212,5.498,7.7967,80.34
2024-08-27,5625.8,17754.82,76.5,59398.77,144.26,122.1318,8981.11772727273,38288.62,19.6486,1.3235,19581.52,0.8439,1.3454,7.1244,5.5043,7.8025,81.51
2024-08-28,5592.18,17556.03,75.49,59024.0,144.47,122.1586,8981.11772727273,38371.76,19.5288,1.3201,19350.78,0.842,1.3462,7.1245,5.5351,7.7999,80.04
2024-08-29,5591.96,17516.43,76.9,59371.27,144.98,122.4706,8981.11772727273,38362.53,19.788,1.3186,19325.45,0.8466,1.346,7.0972,5.6355,7.7981,81.55
2024-08-30,5648.4,17713.62,74.52,59113.86,145.95,122.5582,8981.11772727273,38647.75,19.6576,1.3132,19574.64,0.8493,1.3493,7.09,5.6193,7.7974,80.2
2024-08-31,5648.4,17713.62,74.52,58956.52,145.95,122.5582,8981.11772727273,38647.75,19.6576,1.3132,19574.64,0.8493,1.3493,7.09,5.6193,7.7974,80.2
2024-09-01,5648.4,17713.62,74.52,57347.49,145.95,122.5582,9259.12857142857,38647.75,19.6576,1.3132,19574.64,0.8493,1.3493,7.09,5.6193,7.7974,80.2
2024-09-02,5648.4,17713.62,74.52,59140.6,145.95,122.5582,9259.12857142857,38700.87,19.6576,1.3132,19574.64,0.8493,1.3493,7.09,5.6193,7.7974,77.82
2024-09-03,5528.93,17136.3,71.28,57474.64,145.82,123.0052,9259.12857142857,38686.31,19.83,1.3103,18958.73,0.8503,1.3543,7.1209,5.649,7.7986,76.46
2024-09-04,5520.07,17084.3,70.11,57994.01,144.31,122.7434,9259.12857142857,37047.61,19.8161,1.3142,18921.4,0.8482,1.3519,7.1119,5.6403,7.7969,74.67
2024-09-05,5503.41,17127.66,70.09,56152.01,143.43,122.6747,9259.12857142857,36657.09,19.9926,1.3165,18930.33,0.8453,1.3515,7.0921,5.5924,7.7958,74.47
2024-09-06,5408.42,16690.83,68.58,53930.39,142.13,122.7145,9259.12857142857,36391.47,20.0399,1.3136,18421.31,0.8428,1.3561,7.0876,5.5884,7.7945,72.82
2024-09-07,5408.42,16690.83,68.58,54178.64,142.13,122.7145,9259.12857142857,36391.47,20.0399,1.3136,18421.31,0.8428,1.3561,7.0876,5.5884,7.7945,72.82
2024-09-08,5408.42,16690.83,68.58,57053.9,142.13,122.7145,9259.12857142857,36391.47,20.0399,1.3136,18421.31,0.8428,1.3561,7.0876,5.5884,7.7945,72.82
2024-09-09,5471.05,16884.6,69.65,57645.59,142.92,122.9408,9259.12857142857,36215.75,19.8845,1.3083,18660.78,0.848,1.356,7.1133,5.6042,7.7969,72.37
2024-09-10,5495.52,17025.88,66.73,57352.79,142.28,123.2266,9259.12857142857,36159.16,20.0831,1.3065,18829.14,0.8459,1.3607,7.1205,5.6483,7.797,70.34
2024-09-11,5554.13,17395.53,68.25,58137.54,141.72,123.0007,9259.12857142857,35619.77,19.8377,1.3027,19237.3,0.8505,1.3595,7.1192,5.6481,7.7987,70.31
2024-09-12,5595.76,17569.68,69.89,60543.35,142.24,122.684,9259.12857142857,36833.27,19.6029,1.3081,19423.07,0.8527,1.3595,7.1173,5.6499,7.8028,73.81
2024-09-13,5626.02,17683.98,69.59,60012.35,140.66,121.9128,9259.12857142857,36581.76,19.2589,1.314,19514.58,0.8479,1.3581,7.093,5.5495,7.7988,73.68
2024-09-14,5626.02,17683.98,69.59,59122.33,140.66,121.9128,9259.12857142857,36581.76,19.2589,1.314,19514.58,0.8479,1.3581,7.093,5.5495,7.7988,73.68
2024-09-15,5626.02,17683.98,69.59,58208.75,140.66,121.9128,9259.12857142857,36581.76,19.2589,1.314,19514.58,0.8479,1.3581,7.093,5.5495,7.7988,73.68
2024-09-16,5633.09,17592.13,71.1,60312.6,140.79,121.7684,9259.12857142857,36581.76,19.251,1.3202,19423.06,0.8453,1.3599,7.0958,5.5104,7.7936,73.96
2024-09-17,5634.58,17628.06,72.16,61769.18,141.77,121.8724,9259.12857142857,36203.22,19.2769,1.3164,19432.4,0.847,1.3598,7.0958,5.5013,7.7923,74.55
2024-09-18,5618.26,17573.3,71.87,62960.14,141.93,121.8295,9259.12857142857,36380.17,19.2802,1.3199,19344.49,0.8459,1.3607,7.0812,5.4825,7.792,74.52
2024-09-19,5713.64,18013.98,72.86,63210.69,142.88,121.5773,9259.12857142857,37155.33,19.2449,1.3279,19839.83,0.8478,1.356,7.0675,5.4048,7.7946,75.93
2024-09-20,5702.55,17948.32,72.72,63362.74,143.9,121.6673,9259.12857142857,37723.91,19.323,1.3305,19791.49,0.8496,1.3565,7.0505,5.4895,7.7916,75.96
2024-09-21,5702.55,17948.32,72.72,63577.66,143.9,121.6673,9259.12857142857,37723.91,19.323,1.3305,19791.49,0.8496,1.3565,7.0505,5.4895,7.7916,75.96
2024-09-22,5702.55,17948.32,72.72,63338.87,143.9,121.6673,9259.12857142857,37723.91,19.323,1.3305,19791.49,0.8496,1.3565,7.0505,5.4895,7.7916,75.96
2024-09-23,5718.57,17974.27,71.33,64272.93,143.59,121.687,9259.12857142857,37723.91,19.3865,1.3351,19852.2,0.8475,1.3502,7.0508,5.5353,7.7859,74.95
2024-09-24,5732.93,18074.52,72.34,63130.89,143.77,121.3868,9259.12857142857,37940.59,19.3435,1.3376,19944.84,0.8459,1.347,7.0318,5.466,7.7856,75.29
2024-09-25,5722.26,18082.21,70.42,65177.21,144.41,121.6868,9259.12857142857,37870.26,19.5715,1.3338,19972.61,0.8495,1.3466,7.0315,5.4809,7.7847,75.4
2024-09-26,5745.37,18190.29,68.28,65789.0,144.68,121.3274,9259.12857142857,38925.63,19.569,1.3428,20115.54,0.8463,1.3466,7.0106,5.4332,7.7787,73.06
2024-09-27,5738.17,18119.59,68.72,65858.99,142.6,121.356,9259.12857142857,39829.56,19.6428,1.3394,20008.62,0.8424,1.3504,7.0111,5.4318,7.7725,71.63
2024-09-28,5738.17,18119.59,68.72,65600.01,142.6,121.356,9259.12857142857,39829.56,19.6428,1.3394,20008.62,0.8424,1.3504,7.0111,5.4318,7.7725,71.63
2024-09-29,5738.17,18119.59,68.72,63301.25,142.6,121.356,9259.12857142857,39829.56,19.6428,1.3394,20008.62,0.8424,1.3504,7.0111,5.4318,7.7725,71.63
2024-09-30,5762.48,18189.17,68.75,60790.0,143.25,121.5298,9259.12857142857,37919.55,19.6903,1.3399,20060.69,0.8444,1.3511,7.0176,5.4509,7.7693,72.35
2024-10-01,5708.75,17910.36,70.41,60631.37,143.66,121.9152,9533.99130434783,38651.97,19.7043,1.3282,19773.3,0.8458,1.3492,7.0175,5.4451,7.7738,75.3
2024-10-02,5709.54,17925.12,70.74,60744.99,146.05,121.8154,9533.99130434783,37808.76,19.3734,1.3271,19802.58,0.8495,1.3485,7.0175,5.4363,7.765,74.86
2024-10-03,5699.94,17918.48,74.33,62090.71,146.82,122.3469,9533.99130434783,38552.06,19.4841,1.3114,19793.34,0.854,1.3533,7.0175,5.4916,7.7656,77.57
2024-10-04,5751.07,18137.85,74.93,62051.29,148.69,122.4533,9533.99130434783,38635.62,19.1551,1.3107,20035.02,0.8589,1.3578,7.0175,5.4585,7.7672,79.32
2024-10-05,5751.07,18137.85,74.93,62810.86,148.69,122.4533,9533.99130434783,38635.62,19.1551,1.3107,20035.02,0.8589,1.3578,7.0175,5.4585,7.7672,79.32
2024-10-06,5751.07,18137.85,74.93,62200.28,148.69,122.4533,9533.99130434783,38635.62,19.1551,1.3107,20035.02,0.8589,1.3578,7.0175,5.4585,7.7672,79.32
2024-10-07,5695.94,17923.9,77.76,62122.02,148.13,122.6545,9533.99130434783,39332.74,19.3477,1.308,19800.74,0.8555,1.3608,7.0175,5.4859,7.7664,81.74
2024-10-08,5751.13,18182.92,74.26,60578.28,148.22,122.9111,9533.99130434783,38937.54,19.3761,1.3093,20107.78,0.8576,1.3662,7.0595,5.5297,7.7742,78.19
2024-10-09,5792.04,18291.62,73.85,60279.53,149.2,123.1373,9533.99130434783,39277.96,19.4026,1.308,20268.86,0.8595,1.3682,7.0818,5.5823,7.7715,77.06
2024-10-10,5780.05,18282.05,76.46,62518.75,148.56,123.3431,9533.99130434783,39380.89,19.4816,1.3053,20241.76,0.8573,1.3752,7.0794,5.5824,7.7703,79.45
2024-10-11,5815.03,18342.94,76.11,63187.47,149.12,123.2275,9533.99130434783,39605.8,19.4312,1.307,20271.97,0.8574,1.3768,7.0667,5.6346,7.7712,80.27
2024-10-12,5815.03,18342.94,76.11,62845.3,149.12,123.2275,9533.99130434783,39605.8,19.4312,1.307,20271.97,0.8574,1.3768,7.0667,5.6346,7.7712,80.27
2024-10-13,5815.03,18342.94,76.11,66065.65,149.12,123.2275,9533.99130434783,39605.8,19.4312,1.307,20271.97,0.8574,1.3768,7.0667,5.6346,7.7712,80.27
2024-10-14,5859.85,18502.69,76.11,67056.6,149.12,123.2275,9533.99130434783,39605.8,19.4312,1.307,20439.05,0.8574,1.3768,7.0667,5.6346,7.7712,78.47
2024-10-15,5815.26,18315.59,71.22,67608.44,149.22,123.773,9533.99130434783,39910.55,19.5715,1.3083,20159.83,0.8621,1.3803,7.1192,5.6446,7.7682,73.68
2024-10-16,5842.47,18367.08,70.97,67402.33,149.71,124.1606,9533.99130434783,39180.3,19.8835,1.3,20174.05,0.8642,1.3772,7.1192,5.6602,7.7704,73.65
2024-10-17,5841.47,18373.61,71.26,68426.11,150.12,124.3466,9533.99130434783,38911.19,19.886,1.3008,20190.42,0.8654,1.3791,7.1216,5.6764,7.7743,74.37
2024-10-18,5864.67,18489.55,69.78,68363.73,149.58,124.1511,9533.99130434783,38981.75,19.8161,1.3022,20324.04,0.8659,1.3804,7.1015,5.6787,7.7693,72.75
2024-10-19,5864.67,18489.55,69.78,69014.86,149.58,124.1511,9533.99130434783,38981.75,19.8161,1.3022,20324.04,0.8659,1.3804,7.1015,5.6787,7.7693,72.75
2024-10-20,5864.67,18489.55,69.78,67346.15,149.58,124.1511,9533.99130434783,38981.75,19.8161,1.3022,20324.04,0.8659,1.3804,7.1015,5.6787,7.7693,72.75
2024-10-21,5853.98,18540.0,71.16,67380.08,150.47,124.7004,9533.99130434783,38954.6,20.0494,1.298,20361.47,0.8658,1.3847,7.1189,5.7026,7.7737,73.29
2024-10-22,5851.2,18573.13,72.84,66601.11,151.11,124.6396,9533.99130434783,38411.96,19.8992,1.2969,20383.65,0.8654,1.383,7.123,5.6914,7.772,75.59
2024-10-23,5797.42,18276.65,71.37,68156.84,152.81,124.9181,9533.99130434783,38104.86,19.9284,1.2944,20066.96,0.8665,1.3838,7.1252,5.7045,7.7708,74.68
2024-10-24,5809.86,18415.49,70.58,66564.51,151.87,124.743,9533.99130434783,38143.29,19.852,1.2964,20232.87,0.8668,1.3858,7.119,5.7068,7.7707,74.27
2024-10-25,5808.12,18518.61,72.02,67012.56,152.08,124.8418,9533.99130434783,37913.92,19.9126,1.2978,20352.02,0.8664,1.3882,7.1199,5.7018,7.7705,75.62
2024-10-26,5808.12,18518.61,72.02,67943.19,152.08,124.8418,9533.99130434783,37913.92,19.9126,1.2978,20352.02,0.8664,1.3882,7.1199,5.7018,7.7705,75.62
2024-10-27,5808.12,18518.61,72.02,69924.5,152.08,124.8418,9533.99130434783,37913.92,19.9126,1.2978,20352.02,0.8664,1.3882,7.1199,5.7018,7.7705,75.62
2024-10-28,5823.52,18567.19,67.65,72724.35,153.21,125.0385,9533.99130434783,38605.53,20.0444,1.2981,20351.07,0.8659,1.3903,7.1254,5.7063,7.7721,71.87
2024-10-29,5832.92,18712.75,67.48,72322.91,153.47,125.0952,9533.99130434783,38903.68,20.0,1.3005,20550.65,0.8684,1.3909,7.1301,5.7248,7.7713,71.09
2024-10-30,5813.67,18607.93,68.91,70197.83,153.15,125.0444,9533.99130434783,39277.39,20.172,1.3012,20387.7,0.8664,1.3911,7.1229,5.778,7.7735,73.21
2024-10-31,5705.45,18095.15,69.58,69467.29,152.35,125.0247,9533.99130434783,39081.25,20.0314,1.2856,19890.42,0.8648,1.3939,7.1178,5.7887,7.774,73.25
2024-11-01,5728.8,18239.92,69.81,69358.94,152.94,125.0403,9075.72714285714,38053.67,20.0273,1.2959,20033.14,0.8704,1.3925,7.1214,5.8292,7.7766,73.63
2024-11-02,5728.8,18239.92,69.81,68738.18,152.94,125.0403,9075.72714285714,38053.67,20.0273,1.2959,20033.14,0.8704,1.3925,7.1214,5.8292,7.7766,73.63
2024-11-03,5728.8,18239.92,69.81,67807.48,152.94,125.0403,9075.72714285714,38053.67,20.0273,1.2959,20033.14,0.8704,1.3925,7.1214,5.8292,7.7766,73.63
2024-11-04,5712.69,18179.98,71.83,69380.73,152.02,124.8168,9075.72714285714,38053.67,20.088,1.2942,19963.6,0.8632,1.3898,7.0995,5.7707,7.7729,74.89
2024-11-05,5782.76,18439.17,72.26,75646.55,151.96,124.7803,9075.72714285714,38474.9,20.2417,1.3015,20227.46,0.8635,1.385,7.1047,5.772,7.7708,76.98
2024-11-06,5929.04,18983.47,71.98,75920.0,154.58,125.9311,9075.72714285714,39480.67,20.25,1.2897,20781.33,0.8761,1.3929,7.1782,5.7043,7.7755,76.52
2024-11-07,5973.1,19269.46,72.69,76566.73,153.13,125.016,9075.72714285714,39381.41,19.8839,1.2985,21101.57,0.8724,1.3866,7.1412,5.7028,7.7711,75.73
2024-11-08,5995.54,19286.78,70.69,76716.06,152.58,125.8066,9075.72714285714,39500.37,20.223,1.2905,21117.18,0.8755,1.3921,7.1785,5.7813,7.7753,74.04
2024-11-09,5995.54,19286.78,70.69,80428.92,152.58,125.8066,9075.72714285714,39500.37,20.223,1.2905,21117.18,0.8755,1.3921,7.1785,5.7813,7.7753,74.04
2024-11-10,5995.54,19286.78,70.69,88770.73,152.58,125.8066,9075.72714285714,39500.37,20.223,1.2905,21117.18,0.8755,1.3921,7.1785,5.7813,7.7753,74.04
2024-11-11,6001.35,19298.76,70.69,88035.43,152.58,125.8066,9075.72714285714,39533.32,20.223,1.2905,21106.59,0.8755,1.3921,7.1785,5.7813,7.7753,72.19
2024-11-12,5983.99,19281.4,68.43,90493.82,154.73,126.987,9075.72714285714,39376.09,20.5914,1.2733,21070.79,0.8827,1.3956,7.232,5.7779,7.7784,72.56
2024-11-13,5985.38,19230.73,68.76,87340.4,155.28,127.1591,9075.72714285714,38721.66,20.5908,1.2709,21036.16,0.885,1.3985,7.2245,5.8127,7.781,72.86
2024-11-14,5949.17,19107.65,68.99,91058.36,155.96,127.2123,9075.72714285714,38535.7,20.5104,1.2706,20896.67,0.8878,1.4025,7.2272,5.7771,7.7825,73.39
2024-11-15,5870.62,18680.12,67.33,90636.24,154.59,127.1021,9075.72714285714,38642.91,20.3376,1.2629,20394.13,0.8878,1.4076,7.2288,5.7947,7.7857,73.45
2024-11-16,5870.62,18680.12,67.33,89886.69,154.59,127.1021,9075.72714285714,38642.91,20.3376,1.2629,20394.13,0.8878,1.4076,7.2288,5.7947,7.7857,73.45
2024-11-17,5870.62,18680.12,67.33,90520.3,154.59,127.1021,9075.72714285714,38642.91,20.3376,1.2629,20394.13,0.8878,1.4076,7.2288,5.7947,7.7857,73.45
2024-11-18,5893.62,18791.81,69.46,92435.89,154.78,126.8336,9075.72714285714,38220.85,20.265,1.2664,20539.19,0.885,1.4028,7.2364,5.7453,7.7838,74.35
2024-11-19,5916.98,18987.47,69.75,94393.15,154.34,126.6361,9075.72714285714,38414.43,20.1465,1.2667,20684.59,0.8824,1.3981,7.2392,5.7645,7.7835,74.32
2024-11-20,5917.11,18966.14,69.25,98439.09,155.38,127.1023,9075.72714285714,38352.34,20.3099,1.2639,20667.1,0.8855,1.3995,7.2459,5.7726,7.7835,74.33
2024-11-21,5948.71,18972.42,70.39,99024.03,154.66,127.3063,9075.72714285714,38026.17,20.4431,1.2586,20740.78,0.8866,1.396,7.2368,5.8279,7.7835,75.09
2024-11-22,5969.34,19003.65,71.68,97778.77,154.73,127.6683,9075.72714285714,38283.85,20.4845,1.2516,20776.23,0.8946,1.3985,7.2455,5.804,7.784,76.1
2024-11-23,5969.34,19003.65,71.68,98028.18,154.73,127.6683,9075.72714285714,38283.85,20.4845,1.2516,20776.23,0.8946,1.3985,7.2455,5.804,7.784,76.1
2024-11-24,5969.34,19003.65,71.68,93000.01,154.73,127.6683,9075.72714285714,38283.85,20.4845,1.2516,20776.23,0.8946,1.3985,7.2455,5.804,7.784,76.1
2024-11-25,5987.37,19054.84,69.41,91929.54,154.29,127.211,9075.72714285714,38780.14,20.332,1.2554,20804.89,0.8874,1.4003,7.2395,5.8115,7.7827,74.27
2024-11-26,6021.63,19175.58,69.05,95951.19,153.49,127.6435,9075.72714285714,38442.0,20.736,1.2547,20922.9,0.8876,1.4058,7.252,5.8089,7.7831,74.56
2024-11-27,5998.74,19060.48,69.03,95665.53,150.69,127.0601,9075.72714285714,38134.97,20.6488,1.2678,20744.49,0.8806,1.4028,7.2458,5.8721,7.7809,73.91
2024-11-28,5998.74,19060.48,69.03,97490.56,150.69,127.0601,9075.72714285714,38349.06,20.6488,1.2678,20744.49,0.8806,1.4028,7.2458,5.8721,7.7809,73.92
2024-11-29,6032.38,19218.17,68.26,96465.42,150.41,126.8114,9075.72714285714,38208.03,20.3142,1.2699,20930.37,0.8822,1.4014,7.2423,5.9956,7.7805,74.16
2024-11-30,6032.38,19218.17,68.26,97263.18,150.41,126.8114,9075.72714285714,38208.03,20.3142,1.2699,20930.37,0.8822,1.4014,7.2423,5.9956,7.7805,74.16
2024-12-01,6032.38,19218.17,68.26,95862.89,150.41,126.8114,8909.90772727273,38208.03,20.3142,1.2699,20930.37,0.8822,1.4014,7.2423,5.9956,7.7805,74.16
2024-12-02,6047.15,19403.95,68.35,95924.52,149.26,127.3499,8909.90772727273,38513.02,20.4351,1.2639,21164.6,0.8866,1.4069,7.2714,6.0741,7.781,72.81
2024-12-03,6049.88,19480.91,70.15,98746.24,149.12,127.1983,8909.90772727273,39248.86,20.323,1.2677,21229.32,0.8852,1.4065,7.2858,6.065,7.7825,74.8
2024-12-04,6086.49,19735.12,68.81,97044.23,150.18,126.9956,8909.90772727273,39276.39,20.2576,1.2712,21492.36,0.8835,1.4069,7.2632,6.033,7.7846,74.68
2024-12-05,6075.11,19700.72,68.58,99891.35,150.19,126.6638,8909.90772727273,39395.6,20.192,1.2754,21425.22,0.8794,1.4035,7.2558,5.9745,7.782,73.78
2024-12-06,6090.27,19859.77,68.58,99929.32,149.78,126.9271,8909.90772727273,39091.17,20.2363,1.2744,21622.25,0.8776,1.4144,7.27,6.0739,7.7802,73.78
2024-12-07,6090.27,19859.77,68.58,101174.99,149.78,126.9271,8909.90772727273,39091.17,20.2363,1.2744,21622.25,0.8776,1.4144,7.27,6.0739,7.7802,73.78
2024-12-08,6090.27,19859.77,68.58,97324.81,149.78,126.9271,8909.90772727273,39091.17,20.2363,1.2744,21622.25,0.8776,1.4144,7.27,6.0739,7.7802,73.78
2024-12-09,6052.85,19736.69,68.65,96660.76,151.24,126.8394,8909.90772727273,39160.5,20.187,1.2783,21440.82,0.8774,1.412,7.2604,6.0648,7.774,73.73
2024-12-10,6034.91,19687.24,68.85,101202.11,152.05,127.1884,8909.90772727273,39367.58,20.24,1.2758,21368.18,0.8823,1.416,7.25,6.0549,7.7747,73.64
2024-12-11,6084.19,20034.89,70.57,100030.47,152.34,127.095,8909.90772727273,39372.23,20.1342,1.2763,21763.98,0.883,1.4126,7.2605,6.009,7.776,74.38
2024-12-12,6051.25,19902.84,70.25,101428.75,152.07,127.2039,8909.90772727273,39849.14,20.144,1.2715,21615.27,0.8879,1.4179,7.2685,6.0097,7.7747,73.52
2024-12-13,6051.09,19926.72,71.54,101399.99,153.74,127.5569,8909.90772727273,39470.44,20.1391,1.2629,21780.25,0.8929,1.424,7.2756,6.0645,7.7756,74.89
2024-12-14,6051.09,19926.72,71.54,104447.76,153.74,127.5569,8909.90772727273,39470.44,20.1391,1.2629,21780.25,0.8929,1.424,7.2756,6.0645,7.7756,74.89
2024-12-15,6051.09,19926.72,71.54,106099.81,153.74,127.5569,8909.90772727273,39470.44,20.1391,1.2629,21780.25,0.8929,1.424,7.2756,6.0645,7.7756,74.89
2024-12-16,6074.08,20173.89,71.03,106136.99,154.18,127.5235,8909.90772727273,39457.49,20.1412,1.269,22096.66,0.8934,1.423,7.2836,6.0579,7.7758,74.3
2024-12-17,6050.61,20109.06,70.31,100150.73,153.41,127.7565,8909.90772727273,39364.68,20.265,1.2718,22001.08,0.893,1.4312,7.2846,6.1122,7.77,73.16
2024-12-18,5872.16,19392.69,70.8,97372.21,154.0,127.8936,8909.90772727273,39081.71,20.1588,1.2696,21209.31,0.8937,1.4335,7.2864,6.1906,7.7706,74.57
2024-12-19,5867.08,19372.77,70.1,97765.0,157.73,128.8598,8909.90772727273,38813.58,20.4137,1.253,21110.51,0.8994,1.4366,7.2965,6.1414,7.7718,73.75
2024-12-20,5930.85,19572.6,69.71,97230.08,156.11,128.1411,8909.90772727273,38701.9,20.0664,1.2587,21289.15,0.8928,1.4354,7.2953,6.0815,7.7707,73.19
2024-12-21,5930.85,19572.6,69.71,95087.75,156.11,128.1411,8909.90772727273,38701.9,20.0664,1.2587,21289.15,0.8928,1.4354,7.2953,6.0815,7.7707,73.19
2024-12-22,5930.85,19572.6,69.71,94764.56,156.11,128.1411,8909.90772727273,38701.9,20.0664,1.2587,21289.15,0.8928,1.4354,7.2953,6.0815,7.7707,73.19
2024-12-23,5974.07,19764.89,69.5,98594.47,157.04,128.5356,8909.90772727273,39161.34,20.201,1.2529,21503.17,0.8991,1.439,7.2977,6.1784,7.7702,72.12
2024-12-24,6040.04,20031.13,70.87,99346.28,157.29,128.5651,8909.90772727273,39036.85,20.161,1.2528,21797.65,0.9009,1.4383,7.2946,6.1906,7.7661,73.5
2024-12-25,6040.04,20031.13,70.87,95669.49,157.29,128.5651,8909.90772727273,39130.43,20.161,1.2528,21797.65,0.9009,1.4383,7.2946,6.1906,7.7661,73.5
2024-12-26,6037.59,20020.36,70.38,94171.89,158.01,128.5679,8909.90772727273,39568.06,20.175,1.2522,21768.31,0.9,1.4404,7.2981,6.157,7.7677,73.5
2024-12-27,5970.84,19722.03,71.28,95130.82,157.73,128.6972,8909.90772727273,40281.16,20.222,1.2573,21473.01,0.9018,1.4433,7.298,6.2021,7.7617,73.77
2024-12-28,5970.84,19722.03,71.28,93563.35,157.73,128.6972,8909.90772727273,40281.16,20.222,1.2573,21473.01,0.9018,1.4433,7.298,6.2021,7.7617,73.77
2024-12-29,5970.84,19722.03,71.28,92620.71,157.73,128.6972,8909.90772727273,40281.16,20.222,1.2573,21473.01,0.9018,1.4433,7.298,6.2021,7.7617,73.77
2024-12-30,5906.94,19486.78,71.73,93354.22,157.26,129.0474,8909.90772727273,39894.54,20.546,1.2523,21197.09,0.9066,1.4374,7.2993,6.2013,7.7635,74.24
2024-12-31,5881.63,19310.79,72.44,94383.59,157.37,129.488,8909.90772727273,39894.54,20.8557,1.2521,21012.17,0.9068,1.44,7.2993,6.184,7.7677,74.58
2025-01-01,5881.63,19310.79,72.44,96903.19,157.37,129.488,8976.68043478261,39894.54,20.8557,1.2521,21012.17,0.9068,1.44,7.2993,6.184,7.7677,74.58
2025-01-02,5868.55,19280.79,73.79,98136.51,157.65,129.6666,8976.68043478261,39894.54,20.625,1.2376,20975.62,0.9124,1.4422,7.2994,6.1556,7.7768,76.14
2025-01-03,5942.47,19621.68,74.64,98209.85,157.2,129.6721,8976.68043478261,39894.54,20.649,1.2419,21326.16,0.9096,1.4455,7.3199,6.1759,7.7791,76.72
2025-01-04,5942.47,19621.68,74.64,98345.33,157.2,129.6721,8976.68043478261,39894.54,20.649,1.2419,21326.16,0.9096,1.4455,7.3199,6.1759,7.7791,76.72
2025-01-05,5942.47,19621.68,74.64,102279.41,157.2,129.6721,8976.68043478261,39894.54,20.649,1.2419,21326.16,0.9096,1.4455,7.3199,6.1759,7.7791,76.72
2025-01-06,5975.38,19864.98,74.31,96941.98,157.54,128.7878,8976.68043478261,39307.05,20.2771,1.253,21559.5,0.9043,1.4359,7.3223,6.1086,7.7749,77.27
2025-01-07,5909.03,19489.68,74.99,95036.63,157.82,128.8574,8976.68043478261,40083.3,20.3255,1.2499,21173.04,0.9076,1.4341,7.3264,6.0641,7.7767,77.84
2025-01-08,5918.25,19478.88,73.99,92547.44,158.31,129.3038,8976.68043478261,39981.06,20.372,1.2366,21180.96,0.9107,1.4375,7.3316,6.128,7.7791,77.37
2025-01-09,5918.25,19478.88,73.99,94701.18,158.01,129.4927,8976.68043478261,39605.09,20.5041,1.2303,21180.96,0.9124,1.4394,7.3321,6.0691,7.7816,78.44
2025-01-10,5827.04,19161.63,77.27,94565.02,157.68,130.0513,8976.68043478261,39190.4,20.7124,1.2215,20847.58,0.9172,1.4437,7.3326,6.1123,7.7864,79.76
2025-01-11,5827.04,19161.63,77.27,94509.62,157.68,130.0513,8976.68043478261,39190.4,20.7124,1.2215,20847.58,0.9172,1.4437,7.3326,6.1123,7.7864,79.76
2025-01-12,5827.04,19161.63,77.27,94506.45,157.68,130.0513,8976.68043478261,39190.4,20.7124,1.2215,20847.58,0.9172,1.4437,7.3326,6.1123,7.7864,79.76
2025-01-13,5836.22,19088.1,79.57,96534.96,157.51,130.2142,8976.68043478261,39190.4,20.7901,1.2158,20784.72,0.9192,1.4411,7.3319,6.1089,7.7853,82.69
2025-01-14,5842.91,19044.39,78.2,100510.23,157.95,129.5812,8976.68043478261,38474.3,20.5144,1.2188,20757.41,0.9139,1.4369,7.3311,6.0506,7.7862,82.39
2025-01-15,5949.91,19511.23,80.73,99981.78,156.6,129.4107,8976.68043478261,38444.58,20.47,1.2214,21237.85,0.9129,1.434,7.3304,6.0466,7.7868,83.48
2025-01-16,5937.34,19338.29,79.35,104107.0,155.44,129.6284,8976.68043478261,38572.6,20.7958,1.2246,21091.25,0.911,1.4377,7.3316,6.0448,7.7877,82.39
2025-01-17,5996.66,19630.2,78.56,104435.0,156.3,129.6771,8976.68043478261,38451.46,20.701,1.2181,21441.15,0.9148,1.442,7.3249,6.0368,7.784,83.02
2025-01-18,5996.66,19630.2,78.56,101211.13,156.3,129.6771,8976.68043478261,38451.46,20.701,1.2181,21441.15,0.9148,1.442,7.3249,6.0368,7.784,83.02
2025-01-19,5996.66,19630.2,78.56,102145.43,156.3,129.6771,8976.68043478261,38451.46,20.701,1.2181,21441.15,0.9148,1.442,7.3249,6.0368,7.784,83.02
2025-01-20,5996.66,19630.2,78.56,106159.26,156.3,129.6771,8976.68043478261,38902.5,20.701,1.2181,21441.15,0.9148,1.442,7.3249,6.0368,7.784,81.68
2025-01-21,6049.24,19756.78,76.79,103667.11,155.49,128.61,8976.68043478261,39027.98,20.5571,1.2331,21566.51,0.9069,1.4328,7.2712,6.0275,7.7855,80.57
2025-01-22,6086.37,20009.34,76.12,103926.36,156.62,128.5428,8976.68043478261,39646.25,20.4838,1.2324,21853.0,0.907,1.4361,7.2728,5.9234,7.7882,80.0
2025-01-23,6118.71,20053.68,75.03,104850.27,156.0,128.4336,8976.68043478261,39958.87,20.3605,1.2347,21900.93,0.9072,1.4359,7.288,5.906,7.7896,78.62
2025-01-24,6101.24,19954.3,74.97,104733.56,155.58,127.6833,8976.68043478261,39931.98,20.2317,1.2496,21774.01,0.9044,1.4331,7.244,5.8811,7.7878,78.71
2025-01-25,6101.24,19954.3,74.97,102563.0,155.58,127.6833,8976.68043478261,39931.98,20.2317,1.2496,21774.01,0.9044,1.4331,7.244,5.8811,7.7878,78.71
2025-01-26,6101.24,19954.3,74.97,102062.42,155.58,127.6833,8976.68043478261,39931.98,20.2317,1.2496,21774.01,0.9044,1.4331,7.244,5.8811,7.7878,78.71
2025-01-27,6012.28,19341.83,73.51,101290.0,154.22,128.2856,8976.68043478261,39565.8,20.7208,1.2479,21127.28,0.9006,1.4388,7.2507,5.9156,7.7885,77.3
2025-01-28,6067.7,19733.59,74.15,103747.25,155.65,128.471,8976.68043478261,39016.87,20.5534,1.2433,21463.04,0.9051,1.4392,7.2422,5.8596,7.7906,78.01
2025-01-29,6039.31,19632.32,72.94,104742.64,155.22,128.5324,8976.68043478261,39414.78,20.5702,1.2435,21411.46,0.9077,1.4432,7.2422,5.881,7.7916,77.02
2025-01-30,6071.17,19681.75,73.1,102411.26,154.42,128.2958,8976.68043478261,39513.97,20.4287,1.2453,21508.12,0.9085,1.4411,7.2422,5.896,7.7911,77.42
2025-01-31,6040.53,19627.44,72.84,100623.85,154.91,128.6686,8976.68043478261,39572.49,20.629,1.2447,21478.05,0.9088,1.4459,7.2422,5.837,7.7917,77.11
2025-02-01,6040.53,19627.44,72.84,97676.52,154.91,128.6686,9330.975,39572.49,20.629,1.2447,21478.05,0.9088,1.4459,7.2422,5.837,7.7917,77.11
2025-02-02,6040.53,19627.44,72.84,101460.2,154.91,128.6686,9330.975,39572.49,20.629,1.2447,21478.05,0.9088,1.4459,7.2422,5.837,7.7917,77.11
2025-02-03,5994.57,19391.96,73.52,97795.05,154.68,129.2815,9330.975,38520.09,20.531,1.2389,21297.58,0.9139,1.4601,7.2422,5.8322,7.7928,76.49
2025-02-04,6037.88,19654.02,73.04,96638.33,154.56,128.2993,9330.975,38798.37,20.4413,1.2487,21566.92,0.9058,1.4318,7.2422,5.7598,7.7861,76.58
2025-02-05,6061.48,19692.33,71.39,96564.62,152.33,128.1725,9330.975,38831.48,20.5827,1.2516,21658.16,0.9009,1.428,7.272,5.7986,7.7868,74.71
2025-02-06,6083.57,19791.99,70.97,96537.08,152.04,128.3958,9330.975,39066.53,20.5022,1.2435,21774.07,0.9055,1.4314,7.2883,5.7735,7.7868,74.54
2025-02-07,6025.99,19523.4,71.32,96476.25,151.3,128.6144,9330.975,38787.02,20.5889,1.2396,21491.31,0.9101,1.4311,7.2943,5.7849,7.7907,74.68
2025-02-08,6025.99,19523.4,71.32,96475.82,151.3,128.6144,9330.975,38787.02,20.5889,1.2396,21491.31,0.9101,1.4311,7.2943,5.7849,7.7907,74.68
2025-02-09,6025.99,19523.4,71.32,97444.41,151.3,128.6144,9330.975,38787.02,20.5889,1.2396,21491.31,0.9101,1.4311,7.2943,5.7849,7.7907,74.68
2025-02-10,6066.44,19714.27,72.73,95774.08,151.72,128.8215,9330.975,38801.17,20.678,1.2385,21756.73,0.911,1.4317,7.3045,5.7754,7.7887,76.23
2025-02-11,6068.5,19643.86,73.67,97862.53,152.37,128.629,9330.975,38801.17,20.5498,1.2423,21693.52,0.9133,1.4308,7.3072,5.7621,7.7908,77.65
2025-02-12,6051.97,19649.95,71.72,96625.29,154.62,128.5321,9330.975,38963.7,20.4826,1.2444,21719.26,0.913,1.4288,7.3088,5.76,7.7899,75.38
2025-02-13,6115.07,19945.64,71.66,97509.03,153.18,128.0821,9330.975,39461.47,20.5031,1.2528,22030.71,0.9048,1.423,7.2888,5.7623,7.7886,75.61
2025-02-14,6114.63,20026.77,71.05,97596.94,152.25,127.3505,9330.975,39149.43,20.3097,1.2609,22114.69,0.8983,1.417,7.253,5.7152,7.7841,75.19
2025-02-15,6114.63,20026.77,71.05,96119.88,152.25,127.3505,9330.975,39149.43,20.3097,1.2609,22114.69,0.8983,1.417,7.253,5.7152,7.7841,75.19
2025-02-16,6114.63,20026.77,71.05,95781.8,152.25,127.3505,9330.975,39149.43,20.3097,1.2609,22114.69,0.8983,1.417,7.253,5.7152,7.7841,75.19
2025-02-17,6114.63,20026.77,71.05,95607.4,152.25,127.3505,9330.975,39174.25,20.3097,1.2609,22114.69,0.8983,1.417,7.253,5.7152,7.7841,75.81
2025-02-18,6129.58,20041.26,72.21,96632.03,151.79,127.501,9330.975,39270.4,20.249,1.2614,22164.61,0.9023,1.4189,7.2786,5.688,7.774,76.46
2025-02-19,6144.15,20056.25,72.58,98347.2,151.67,127.9207,9330.975,39164.61,20.4428,1.2571,22175.6,0.9054,1.4235,7.2833,5.7143,7.7776,76.34
2025-02-20,6117.52,19962.36,72.88,96157.03,149.63,127.3057,9330.975,38678.04,20.3652,1.2643,22068.06,0.8993,1.4195,7.2555,5.697,7.7753,76.95
2025-02-21,6013.13,19524.01,70.72,96582.12,149.49,127.3285,9330.975,38776.94,20.3521,1.2647,21614.08,0.899,1.4196,7.2501,5.6976,7.7692,74.88
2025-02-22,6013.13,19524.01,70.72,96265.98,149.49,127.3285,9330.975,38776.94,20.3521,1.2647,21614.08,0.899,1.4196,7.2501,5.6976,7.7692,74.88
2025-02-23,6013.13,19524.01,70.72,91510.82,149.49,127.3285,9330.975,38776.94,20.3521,1.2647,21614.08,0.899,1.4196,7.2501,5.6976,7.7692,74.88
2025-02-24,5983.25,19286.92,71.06,88583.74,149.57,127.3749,9330.975,38776.94,20.4401,1.264,21352.08,0.8966,1.4224,7.2476,5.7325,7.7743,74.89
2025-02-25,5955.25,19026.39,69.15,84111.78,149.09,127.5544,9330.975,38237.79,20.5295,1.2652,21087.25,0.8928,1.43,7.2512,5.7677,7.7746,73.11
2025-02-26,5956.06,19075.26,68.87,84625.19,149.13,127.4762,9330.975,38142.37,20.4272,1.2696,21132.92,0.8931,1.4346,7.2595,5.78,7.773,73.49
2025-02-27,5861.57,18544.42,70.62,84297.73,149.8,128.1589,9330.975,38256.17,20.4818,1.2628,20550.95,0.8981,1.4419,7.2853,5.8282,7.7756,75.01
2025-02-28,5954.5,18847.28,69.97,86018.76,150.64,128.4646,9330.975,37155.5,20.5254,1.2591,20884.41,0.9019,1.4433,7.2828,5.8835,7.7775,74.76
2025-03-01,5954.5,18847.28,69.97,94265.48,150.64,128.4646,9735.82333333334,37155.5,20.5254,1.2591,20884.41,0.9019,1.4433,7.2828,5.8835,7.7775,74.76
2025-03-02,5954.5,18847.28,69.97,86161.1,150.64,128.4646,9735.82333333334,37155.5,20.5254,1.2591,20884.41,0.9019,1.4433,7.2828,5.8835,7.7775,74.76
2025-03-03,5849.72,18350.19,68.63,87249.96,150.16,127.9558,9735.82333333334,37785.47,20.4555,1.2711,20425.58,0.8972,1.4399,7.2843,5.8852,7.776,72.85
2025-03-04,5778.15,18285.16,68.47,90603.73,148.81,128.1864,9735.82333333334,37331.18,20.827,1.2726,20352.53,0.89,1.4515,7.2651,5.8872,7.7734,72.31
2025-03-05,5842.63,18552.73,66.58,89921.85,148.82,126.7441,9735.82333333334,37418.24,20.386,1.2864,20628.46,0.89,1.4375,7.2506,5.8077,7.7713,70.92
2025-03-06,5738.52,18069.26,66.62,86756.98,147.9,126.3526,9735.82333333334,37704.93,20.3132,1.2894,20052.63,0.8841,1.4282,7.2468,5.7785,7.7711,71.08
2025-03-07,5770.2,18196.22,67.29,86206.69,147.13,126.2243,9735.82333333334,36887.17,20.266,1.2918,20201.37,0.8774,1.4385,7.234,5.7872,7.7723,72.49
2025-03-08,5770.2,18196.22,67.29,80699.17,147.13,126.2243,9735.82333333334,36887.17,20.266,1.2918,20201.37,0.8774,1.4385,7.234,5.7872,7.7723,72.49
2025-03-09,5770.2,18196.22,67.29,78544.71,147.13,126.2243,9735.82333333334,36887.17,20.266,1.2918,20201.37,0.8774,1.4385,7.234,5.7872,7.7723,72.49
2025-03-10,5614.56,17468.32,66.31,82914.51,147.15,126.5199,9735.82333333334,37028.27,20.286,1.2909,19430.95,0.8813,1.4431,7.2591,5.7964,7.7677,71.08
2025-03-11,5572.07,17436.1,66.52,83659.43,147.48,126.2896,9735.82333333334,36793.11,20.349,1.2948,19376.96,0.88,1.4462,7.2278,5.8247,7.7704,71.51
2025-03-12,5599.3,17648.45,67.65,81073.43,148.32,126.1251,9735.82333333334,36819.09,20.1678,1.297,19596.02,0.8827,1.4397,7.2372,5.8208,7.7697,72.36
2025-03-13,5521.52,17303.01,66.82,83980.49,147.71,126.2551,9735.82333333334,36790.03,20.0913,1.2945,19225.48,0.8849,1.4398,7.2439,5.8032,7.7718,70.82
2025-03-14,5638.94,17754.09,67.43,84351.46,148.51,125.9538,9735.82333333334,37053.1,19.8545,1.2917,19704.64,0.8855,1.4377,7.2377,5.7299,7.7718,71.94
2025-03-15,5638.94,17754.09,67.43,82562.57,148.51,125.9538,9735.82333333334,37053.1,19.8545,1.2917,19704.64,0.8855,1.4377,7.2377,5.7299,7.7718,71.94
2025-03-16,5638.94,17754.09,67.43,84011.4,148.51,125.9538,9735.82333333334,37053.1,19.8545,1.2917,19704.64,0.8855,1.4377,7.2377,5.7299,7.7718,71.94
2025-03-17,5675.12,17808.66,67.84,82698.76,148.56,125.6291,9735.82333333334,37396.52,19.8918,1.2988,19812.24,0.8812,1.4298,7.2327,5.6874,7.7697,71.93
2025-03-18,5614.66,17504.12,67.49,86877.96,149.49,125.7402,9735.82333333334,37845.42,19.9858,1.2987,19483.36,0.8773,1.4312,7.2273,5.6714,7.7693,71.93
2025-03-19,5675.29,17750.79,67.4,84183.42,150.02,126.0515,9735.82333333334,37751.88,20.057,1.2969,19736.66,0.88,1.4328,7.23,5.6494,7.7701,71.94
2025-03-20,5662.89,17691.63,68.55,84061.96,148.84,126.237,9735.82333333334,37751.88,20.1342,1.2973,19677.61,0.8826,1.4326,7.2477,5.673,7.7722,72.61
2025-03-21,5667.56,17784.05,68.52,83852.03,148.98,126.509,9735.82333333334,37677.06,20.194,1.2896,19753.97,0.8834,1.4356,7.2486,5.7242,7.7731,72.64
2025-03-22,5667.56,17784.05,68.52,86092.94,148.98,126.509,9735.82333333334,37677.06,20.194,1.2896,19753.97,0.8834,1.4356,7.2486,5.7242,7.7731,72.64
2025-03-23,5667.56,17784.05,68.52,87523.62,148.98,126.509,9735.82333333334,37677.06,20.194,1.2896,19753.97,0.8834,1.4356,7.2486,5.7242,7.7731,72.64
2025-03-24,5767.57,18188.59,69.46,87427.88,150.74,126.4403,9735.82333333334,37608.49,20.096,1.2913,20180.44,0.8842,1.4292,7.2531,5.7295,7.7744,73.96
2025-03-25,5776.65,18271.86,69.48,86926.01,149.77,126.3075,9735.82333333334,37780.54,20.0713,1.2948,20287.83,0.8819,1.4307,7.2569,5.6837,7.7745,73.78
2025-03-26,5712.2,17899.01,70.05,87217.48,150.69,126.4839,9735.82333333334,38027.29,20.11,1.2889,19916.99,0.8839,1.4254,7.2675,5.7386,7.7763,74.6
2025-03-27,5693.31,17804.03,70.3,84381.8,150.97,126.6098,9735.82333333334,37799.97,20.2783,1.2963,19798.62,0.8818,1.4316,7.2645,5.7339,7.7759,74.72
2025-03-28,5580.94,17322.99,69.74,82616.83,150.26,126.6599,9735.82333333334,37120.33,20.4198,1.2942,19281.4,0.8809,1.4282,7.2628,5.7672,7.7784,74.69
2025-03-29,5580.94,17322.99,69.74,82379.98,150.26,126.6599,9735.82333333334,37120.33,20.4198,1.2942,19281.4,0.8809,1.4282,7.2628,5.7672,7.7784,74.69
2025-03-30,5580.94,17322.99,69.74,82534.32,150.26,126.6599,9735.82333333334,37120.33,20.4198,1.2942,19281.4,0.8809,1.4282,7.2628,5.7672,7.7784,74.69
2025-03-31,5611.85,17299.29,71.87,85170.37,149.9,126.9402,9735.82333333334,35617.56,20.4582,1.2896,19278.45,0.8843,1.4379,7.2567,5.7405,7.7799,77.23
2025-04-01,5633.07,17449.89,71.61,82490.08,149.4,126.6783,9172.69590909091,35624.48,20.329,1.2923,19436.42,0.8827,1.4316,7.2697,5.6874,7.7803,77.78
2025-04-02,5670.97,17601.05,72.12,83174.33,149.98,126.6284,9172.69590909091,35725.87,20.5,1.2974,19581.78,0.8819,1.431,7.2675,5.7004,7.782,77.27
2025-04-03,5396.52,16550.61,67.43,83860.16,146.04,125.0254,9172.69590909091,34735.93,19.9508,1.3113,18521.48,0.859,1.4062,7.2813,5.6022,7.7767,72.54
2025-04-04,5074.08,15587.79,62.42,83498.25,145.93,126.0693,9172.69590909091,33780.58,20.491,1.2927,17397.7,0.8547,1.4194,7.2803,5.8039,7.7734,68.36
2025-04-05,5074.08,15587.79,62.42,78370.75,145.93,126.0693,9172.69590909091,33780.58,20.491,1.2927,17397.7,0.8547,1.4194,7.2803,5.8039,7.7734,68.36
2025-04-06,5074.08,15587.79,62.42,79140.01,145.93,126.0693,9172.69590909091,33780.58,20.491,1.2927,17397.7,0.8547,1.4194,7.2803,5.8039,7.7734,68.36
2025-04-07,5062.25,15603.26,61.05,76251.64,147.96,127.0629,9172.69590909091,31136.58,20.714,1.2729,17430.68,0.8597,1.4224,7.3081,5.9242,7.7695,66.13
2025-04-08,4982.77,15267.91,60.04,82594.75,147.02,127.1122,9172.69590909091,33012.58,20.7089,1.2769,17090.4,0.856,1.4199,7.3388,5.9878,7.7707,64.86
2025-04-09,5456.9,17124.97,62.63,79552.34,145.09,126.8819,9172.69590909091,31714.03,20.9441,1.2771,19145.06,0.8413,1.4187,7.3499,6.0542,7.7549,67.3
2025-04-10,5268.05,16387.31,60.57,83380.47,144.34,125.3694,9172.69590909091,34609.0,20.5029,1.294,18343.57,0.8283,1.401,7.314,5.9429,7.7597,65.37
2025-04-11,5363.36,16724.46,61.91,85271.01,143.57,124.3156,9172.69590909091,33585.58,20.37,1.3051,18690.05,0.8153,1.3895,7.2915,5.8781,7.7578,66.83
2025-04-12,5363.36,16724.46,61.91,83733.07,143.57,124.3156,9172.69590909091,33585.58,20.37,1.3051,18690.05,0.8153,1.3895,7.2915,5.8781,7.7578,66.83
2025-04-13,5363.36,16724.46,61.91,84590.36,143.57,124.3156,9172.69590909091,33585.58,20.37,1.3051,18690.05,0.8153,1.3895,7.2915,5.8781,7.7578,66.83
2025-04-14,5405.97,16831.48,61.99,83629.78,142.96,123.9908,9172.69590909091,33982.36,20.1255,1.3176,18796.02,0.8139,1.3892,7.3119,5.8649,7.755,67.18
2025-04-15,5396.63,16823.17,61.74,84028.72,143.1,124.1129,9172.69590909091,34267.54,19.9704,1.3223,18830.23,0.8209,1.3944,7.315,5.8809,7.7573,66.58
2025-04-16,5275.7,16307.16,62.88,84961.97,142.56,123.6167,9172.69590909091,33920.4,19.9648,1.3247,18257.64,0.8142,1.3882,7.3053,5.861,7.7609,67.94
2025-04-17,5282.7,16286.45,65.07,84466.47,142.33,123.4733,9172.69590909091,34377.6,19.8079,1.3259,18258.09,0.8203,1.3856,7.299,5.8308,7.7631,69.33
2025-04-18,5282.7,16286.45,65.07,85074.99,142.22,123.3365,9172.69590909091,34730.28,19.7175,1.3279,18258.09,0.8174,1.3846,7.2996,5.8067,7.7626,69.33
2025-04-19,5282.7,16286.45,65.07,85177.34,142.22,123.3365,9172.69590909091,34730.28,19.7175,1.3279,18258.09,0.8174,1.3846,7.2996,5.8067,7.7626,69.33
2025-04-20,5282.7,16286.45,65.07,87522.07,142.22,123.3365,9172.69590909091,34730.28,19.7175,1.3279,18258.09,0.8174,1.3846,7.2996,5.8067,7.7626,69.33
2025-04-21,5158.2,15870.9,63.48,93489.1,140.81,122.677,9172.69590909091,34279.92,19.6628,1.3385,17808.3,0.8069,1.3818,7.2914,5.8067,7.761,69.33
2025-04-22,5287.76,16300.42,64.6,93740.92,140.87,122.7879,9172.69590909091,34220.6,19.584,1.3376,18276.41,0.815,1.3798,7.3118,5.7392,7.7583,68.93
2025-04-23,5375.86,16708.05,62.64,94021.96,142.64,123.375,9172.69590909091,34868.63,19.6327,1.3256,18693.26,0.8271,1.3894,7.286,5.6969,7.7598,68.26
2025-04-24,5484.77,17166.04,63.55,94708.79,142.64,123.285,9172.69590909091,35039.15,19.5896,1.3309,19214.4,0.8271,1.3889,7.2879,5.6709,7.7585,67.5
2025-04-25,5525.21,17382.94,63.85,94666.64,143.75,123.2454,9172.69590909091,35705.74,19.5585,1.3331,19432.56,0.8285,1.3858,7.2864,5.681,7.7568,66.99
2025-04-26,5525.21,17382.94,63.85,93780.57,143.75,123.2454,9172.69590909091,35705.74,19.5585,1.3331,19432.56,0.8285,1.3858,7.2864,5.681,7.7568,66.99
2025-04-27,5525.21,17382.94,63.85,95042.57,143.75,123.2454,9172.69590909091,35705.74,19.5585,1.3331,19432.56,0.8285,1.3858,7.2864,5.681,7.7568,66.99
2025-04-28,5528.75,17366.13,63.3,94271.09,142.7,123.0856,9172.69590909091,35839.99,19.5507,1.3395,19427.29,0.8254,1.3857,7.2942,5.6777,7.7566,66.13
2025-04-29,5560.83,17461.32,61.84,94182.54,142.29,122.9514,9172.69590909091,35839.99,19.5851,1.3397,19544.95,0.8241,1.3853,7.269,5.633,7.7587,64.04
2025-04-30,5569.06,17446.34,59.55,96524.98,142.63,122.944,9172.69590909091,36045.38,19.5914,1.3344,19571.02,0.8227,1.3807,7.2706,5.6612,7.7548,63.37
2025-05-01,5604.14,17710.74,60.59,96929.81,145.48,123.4811,9531.20090909091,36452.3,19.636,1.3273,19786.71,0.8321,1.3847,7.2706,5.6729,7.7566,62.37
2025-05-02,5686.67,17977.73,59.67,95861.33,144.52,122.859,9531.20090909091,36830.69,19.6685,1.3283,20102.61,0.8262,1.379,7.2706,5.6485,7.75,61.57
2025-05-03,5686.67,17977.73,59.67,94272.55,144.52,122.859,9531.20090909091,36830.69,19.6685,1.3283,20102.61,0.8262,1.379,7.2706,5.6485,7.75,61.57
2025-05-04,5686.67,17977.73,59.67,94733.99,144.52,122.859,9531.20090909091,36830.69,19.6685,1.3283,20102.61,0.8262,1.379,7.2706,5.6485,7.75,61.57
2025-05-05,5650.38,17844.24,58.5,96839.17,143.98,122.6335,9531.20090909091,36830.69,19.6316,1.3284,19967.94,0.8239,1.381,7.2706,5.6663,7.7501,61.57
2025-05-06,5606.91,17689.66,60.42,97058.32,142.76,122.3907,9531.20090909091,36830.69,19.687,1.3369,19791.34,0.8242,1.3774,7.2164,5.7206,7.7509,62.37
2025-05-07,5631.28,17738.16,59.42,103253.49,143.47,122.4652,9531.20090909091,36779.66,19.5831,1.3344,19867.97,0.8215,1.3773,7.225,5.7438,7.7604,60.31
2025-05-08,5663.94,17928.14,61.25,102986.96,145.46,123.1019,9531.20090909091,36928.63,19.585,1.3287,20063.57,0.8291,1.3914,7.234,5.6798,7.7732,62.22
2025-05-09,5659.91,17928.92,62.37,104821.19,145.15,122.879,9531.20090909091,37503.33,19.4834,1.3318,20061.45,0.8298,1.3925,7.2364,5.6435,7.7781,64.26
2025-05-10,5659.91,17928.92,62.37,104137.62,145.15,122.879,9531.20090909091,37503.33,19.4834,1.3318,20061.45,0.8298,1.3925,7.2364,5.6435,7.7781,64.26
2025-05-11,5659.91,17928.92,62.37,102800.21,145.15,122.879,9531.20090909091,37503.33,19.4834,1.3318,20061.45,0.8298,1.3925,7.2364,5.6435,7.7781,64.26
2025-05-12,5844.19,18708.34,63.32,104131.06,148.09,123.7948,9531.20090909091,37644.26,19.613,1.3194,20868.15,0.8427,1.4003,7.2018,5.6843,7.7922,65.28
2025-05-13,5886.55,19010.08,65.04,103545.38,147.75,123.2905,9531.20090909091,38183.26,19.4181,1.328,21197.7,0.8412,1.3958,7.2057,5.6023,7.7962,66.93
2025-05-14,5892.58,19146.81,64.48,103786.43,146.54,123.0145,9531.20090909091,38128.13,19.3501,1.3303,21319.21,0.8397,1.3963,7.208,5.6131,7.8065,65.91
2025-05-15,5916.93,19112.32,63.03,103500.03,145.61,123.1492,9531.20090909091,37755.51,19.486,1.3292,21335.82,0.8359,1.3989,7.2067,5.637,7.8057,64.36
2025-05-16,5958.38,19211.1,63.84,103161.07,146.02,123.3969,9531.20090909091,37753.72,19.525,1.3257,21427.94,0.8396,1.3991,7.209,5.6775,7.8143,65.2
2025-05-17,5958.38,19211.1,63.84,106473.46,146.02,123.3969,9531.20090909091,37753.72,19.525,1.3257,21427.94,0.8396,1.3991,7.209,5.6775,7.8143,65.2
2025-05-18,5958.38,19211.1,63.84,105616.18,146.02,123.3969,9531.20090909091,37753.72,19.525,1.3257,21427.94,0.8396,1.3991,7.209,5.6775,7.8143,65.2
2025-05-19,5963.6,19215.46,63.98,106883.24,144.99,122.7649,9531.20090909091,37498.63,19.3707,1.3357,21447.05,0.8342,1.3944,7.2144,5.6424,7.821,66.25
2025-05-20,5940.46,19142.71,63.97,109699.54,144.72,122.673,9531.20090909091,37529.49,19.267,1.3371,21367.37,0.8321,1.3941,7.2194,5.6687,7.8284,66.93
2025-05-21,5844.61,18872.64,62.93,111722.53,143.68,122.1012,9531.20090909091,37298.98,19.319,1.3447,21080.36,0.8251,1.3822,7.2019,5.6591,7.8315,65.86
2025-05-22,5842.01,18925.73,62.55,107329.61,143.89,122.3865,9531.20090909091,36985.87,19.3232,1.3426,21112.47,0.8291,1.3856,7.2037,5.6205,7.8272,64.87
2025-05-23,5802.82,18737.21,62.89,107794.01,142.61,121.7283,9531.20090909091,37160.47,19.2798,1.3511,20915.65,0.8214,1.3755,7.1798,5.6887,7.8317,65.41
2025-05-24,5802.82,18737.21,62.89,109048.68,142.61,121.7283,9531.20090909091,37160.47,19.2798,1.3511,20915.65,0.8214,1.3755,7.1798,5.6887,7.8317,65.41
2025-05-25,5802.82,18737.21,62.89,109464.32,142.61,121.7283,9531.20090909091,37160.47,19.2798,1.3511,20915.65,0.8214,1.3755,7.1798,5.6887,7.8317,65.41
2025-05-26,5802.82,18737.21,62.89,108978.46,142.61,121.7283,9531.20090909091,37531.53,19.2798,1.3511,20915.65,0.8214,1.3755,7.1798,5.6887,7.8317,65.41
2025-05-27,5921.54,19199.16,61.61,107819.29,144.37,121.9634,9531.20090909091,37724.11,19.2309,1.3505,21414.99,0.8278,1.3776,7.195,5.6518,7.8383,64.32
2025-05-28,5888.55,19100.94,62.54,105572.58,145.04,122.3295,9531.20090909091,37722.4,19.417,1.3462,21318.17,0.8276,1.3819,7.1941,5.7053,7.8388,65.72
2025-05-29,5912.17,19175.87,61.66,104033.26,144.09,121.9108,9531.20090909091,38432.98,19.339,1.3489,21363.95,0.8227,1.3809,7.1855,5.6505,7.8403,64.6
2025-05-30,5911.69,19113.77,61.46,104645.87,144.18,122.1112,9531.20090909091,37965.1,19.3901,1.3468,21340.99,0.8229,1.3747,7.1991,5.7184,7.8409,64.32
2025-05-31,5911.69,19113.77,61.46,105697.94,144.18,122.1112,9531.20090909091,37965.1,19.3901,1.3468,21340.99,0.8229,1.3747,7.1991,5.7184,7.8409,64.32
2025-06-01,5911.69,19113.77,61.46,105904.94,144.18,122.1112,9835.0680952381,37965.1,19.3901,1.3468,21340.99,0.8229,1.3747,7.1991,5.7184,7.8409,64.32
2025-06-02,5935.94,19242.61,63.27,105447.82,142.76,121.549,9835.0680952381,37470.67,19.245,1.3549,21491.75,0.8173,1.3699,7.1975,5.7061,7.8443,66.55
2025-06-03,5970.37,19398.96,64.1,104753.38,143.93,121.808,9835.0680952381,37446.81,19.2572,1.352,21662.58,0.8242,1.3722,7.1872,5.6444,7.8451,67.48
2025-06-04,5970.81,19460.49,63.57,101570.2,142.91,121.4093,9835.0680952381,37747.45,19.2042,1.357,21721.92,0.8183,1.3668,7.1844,5.6396,7.8462,66.69
2025-06-05,5939.3,19298.45,64.06,104397.99,143.87,121.3178,9835.0680952381,37554.49,19.1774,1.3584,21547.43,0.821,1.3667,7.175,5.5911,7.8458,67.14
2025-06-06,6000.36,19529.95,65.3,105619.02,144.87,121.5217,9835.0680952381,37741.61,19.1226,1.3532,21761.79,0.822,1.3686,7.1886,5.598,7.8469,68.02
2025-06-07,6000.36,19529.95,65.3,105784.4,144.87,121.5217,9835.0680952381,37741.61,19.1226,1.3532,21761.79,0.822,1.3686,7.1886,5.598,7.8469,68.02
2025-06-08,6000.36,19529.95,65.3,110301.15,144.87,121.5217,9835.0680952381,37741.61,19.1226,1.3532,21761.79,0.822,1.3686,7.1886,5.598,7.8469,68.02
2025-06-09,6005.88,19591.24,65.99,110300.24,144.37,121.2757,9835.0680952381,38088.57,19.0515,1.3563,21797.87,0.8205,1.3675,7.1802,5.5755,7.8479,68.73
2025-06-10,6038.81,19714.99,65.66,108669.37,144.91,121.4134,9835.0680952381,38211.51,19.0519,1.3508,21941.92,0.8219,1.3683,7.187,5.5646,7.8487,68.41
2025-06-11,6022.24,19615.88,68.91,105721.05,144.48,120.9763,9835.0680952381,38421.19,18.8436,1.3556,21860.8,0.8195,1.3662,7.1928,5.5288,7.8493,71.29
2025-06-12,6045.26,19662.48,68.73,106118.7,143.64,120.565,9835.0680952381,38173.09,18.8879,1.3589,21913.32,0.8125,1.3615,7.1726,5.5456,7.8493,70.84
2025-06-13,5976.97,19406.83,73.84,105465.42,144.04,120.7131,9835.0680952381,37834.25,18.9085,1.3594,21631.04,0.8116,1.3575,7.181,5.545,7.8495,76.0
2025-06-14,5976.97,19406.83,73.84,105599.25,144.04,120.7131,9835.0680952381,37834.25,18.9085,1.3594,21631.04,0.8116,1.3575,7.181,5.545,7.8495,76.0
2025-06-15,5976.97,19406.83,73.84,106853.38,144.04,120.7131,9835.0680952381,37834.25,18.9085,1.3594,21631.04,0.8116,1.3575,7.181,5.545,7.8495,76.0
2025-06-16,6033.11,19701.21,72.53,104590.44,144.14,120.5449,9835.0680952381,38311.33,18.9266,1.36,21937.57,0.8115,1.3556,7.179,5.5165,7.8498,75.05
2025-06-17,5982.72,19521.09,75.62,104915.6,145.04,120.8862,9835.0680952381,38536.74,18.9581,1.3516,21719.08,0.8141,1.3587,7.1845,5.4772,7.8497,78.7
2025-06-18,5980.87,19546.27,75.89,104671.9,144.58,121.1093,9835.0680952381,38885.15,19.0068,1.3471,21719.69,0.8174,1.3683,7.1888,5.4921,7.8498,78.38
2025-06-19,5980.87,19546.27,75.89,103317.8,144.58,121.1093,9835.0680952381,38488.34,19.0068,1.3471,21719.69,0.8174,1.3683,7.1888,5.4921,7.8498,80.37
2025-06-20,5967.84,19447.41,75.72,102160.03,145.92,121.411,9835.0680952381,38403.23,19.1369,1.3465,21626.39,0.8175,1.3739,7.1785,5.5035,7.8499,78.73
2025-06-21,5967.84,19447.41,75.72,100996.87,145.92,121.411,9835.0680952381,38403.23,19.1369,1.3465,21626.39,0.8175,1.3739,7.1785,5.5035,7.8499,78.73
2025-06-22,5967.84,19447.41,75.72,105419.39,145.92,121.411,9835.0680952381,38403.23,19.1369,1.3465,21626.39,0.8175,1.3739,7.1785,5.5035,7.8499,78.73
2025-06-23,6025.17,19630.97,69.36,106141.0,146.47,121.5412,9835.0680952381,38354.09,19.16,1.3491,21856.33,0.8133,1.3773,7.179,5.5163,7.8499,74.34
2025-06-24,6092.18,19912.53,65.45,107400.22,144.9,120.7549,9835.0680952381,38790.56,19.021,1.3616,22190.52,0.8049,1.3711,7.1713,5.4985,7.8499,69.13
2025-06-25,6092.16,19973.55,65.98,107029.64,145.59,120.7333,9835.0680952381,38942.07,18.9159,1.3626,22237.74,0.8057,1.375,7.1764,5.5589,7.8496,68.4
2025-06-26,6141.02,20167.91,66.44,107113.38,144.34,120.0587,9835.0680952381,39584.58,18.8741,1.3754,22447.29,0.799,1.3629,7.1675,5.5043,7.8498,68.57
2025-06-27,6173.07,20273.46,66.66,107352.2,144.74,120.0786,9835.0680952381,40150.79,18.8283,1.372,22534.2,0.7989,1.3666,7.1721,5.4801,7.8499,69.37
2025-06-28,6173.07,20273.46,66.66,108386.44,144.74,120.0786,9835.0680952381,40150.79,18.8283,1.372,22534.2,0.7989,1.3666,7.1721,5.4801,7.8499,69.37
2025-06-29,6173.07,20273.46,66.66,107173.21,144.74,120.0786,9835.0680952381,40150.79,18.8283,1.372,22534.2,0.7989,1.3666,7.1721,5.4801,7.8499,69.37
2025-06-30,6204.95,20369.73,66.3,105711.78,144.17,119.8269,9835.0680952381,40487.39,18.8292,1.3722,22679.01,0.7938,1.362,7.1636,5.4294,7.8499,68.15
2025-07-01,6198.01,20202.89,66.64,108888.32,143.58,119.7678,9835.0680952381,39986.33,18.7381,1.3728,22478.14,0.7929,1.3659,7.1647,5.4589,7.8496,67.63
2025-07-02,6227.42,20393.13,68.66,109628.83,143.76,119.7289,9835.0680952381,39762.48,18.7503,1.3623,22641.89,0.7921,1.362,7.1649,5.4286,7.8496,70.8
2025-07-03,6279.35,20601.1,68.13,108028.6,144.96,119.6678,9835.0680952381,39785.9,18.644,1.3656,22866.97,0.7951,1.3559,7.1684,5.4178,7.8499,70.42
2025-07-04,6279.35,20601.1,68.13,108246.65,144.96,119.6678,9835.0680952381,39810.88,18.644,1.3656,22866.97,0.7951,1.3559,7.1684,5.4178,7.8499,71.03
2025-07-05,6279.35,20601.1,68.13,109217.98,144.96,119.6678,9835.0680952381,39810.88,18.644,1.3656,22866.97,0.7951,1.3559,7.1684,5.4178,7.8499,71.03
2025-07-06,6279.35,20601.1,68.13,108269.84,144.96,119.6678,9835.0680952381,39810.88,18.644,1.3656,22866.97,0.7951,1.3559,7.1684,5.4178,7.8499,71.03
2025-07-07,6229.98,20412.52,69.16,108958.04,145.86,120.0481,9835.0680952381,39587.68,18.6647,1.3638,22685.57,0.7969,1.3644,7.1744,5.4638,7.8498,71.95
2025-07-08,6225.52,20418.46,69.55,111282.85,146.81,120.2589,9835.0680952381,39688.81,18.7084,1.3575,22702.25,0.7971,1.3671,7.1738,5.46,7.8496,72.5
2025-07-09,6263.26,20611.34,69.61,116031.3,146.53,120.1608,9835.0680952381,39821.28,18.561,1.3585,22864.91,0.7957,1.3694,7.18,5.4552,7.8496,71.98
2025-07-10,6280.46,20630.66,67.78,117582.16,146.46,120.253,9835.0680952381,39646.36,18.6313,1.3569,22829.26,0.7971,1.3682,7.1748,5.5355,7.8499,70.38
2025-07-11,6259.75,20585.53,69.63,117472.65,147.29,120.3354,9835.0680952381,39569.68,18.6727,1.3503,22780.6,0.7962,1.3678,7.1681,5.5723,7.8496,72.06
2025-07-12,6259.75,20585.53,69.63,119130.81,147.29,120.3354,9835.0680952381,39569.68,18.6727,1.3503,22780.6,0.7962,1.3678,7.1681,5.5723,7.8496,72.06
2025-07-13,6259.75,20585.53,69.63,119863.71,147.29,120.3354,9835.0680952381,39569.68,18.6727,1.3503,22780.6,0.7962,1.3678,7.1681,5.5723,7.8496,72.06
2025-07-14,6268.56,20640.33,68.19,117781.64,147.69,120.6252,9835.0680952381,39459.62,18.7585,1.3437,22855.63,0.7977,1.3694,7.167,5.5748,7.8499,70.96
2025-07-15,6243.76,20677.8,67.76,118681.68,148.75,120.9095,9835.0680952381,39678.02,18.7928,1.3396,22884.59,0.8004,1.3713,7.1729,5.5661,7.8499,70.27
2025-07-16,6263.7,20730.49,67.13,119273.69,148.08,120.8232,9835.0680952381,39663.4,18.7302,1.3426,22907.97,0.8014,1.3706,7.1791,5.565,7.8499,69.67
2025-07-17,6297.36,20885.65,68.76,118023.05,148.55,121.0417,9835.0680952381,39901.19,18.7629,1.3413,23081.05,0.8043,1.3749,7.1832,5.5644,7.8486,71.32
2025-07-18,6296.79,20895.66,68.53,117914.17,148.55,120.7674,9835.0680952381,39819.11,18.7037,1.3439,23065.47,0.8001,1.3711,7.1776,5.5628,7.8467,71.06
2025-07-19,6296.79,20895.66,68.53,117312.7,148.55,120.7674,9835.0680952381,39819.11,18.7037,1.3439,23065.47,0.8001,1.3711,7.1776,5.5628,7.8467,71.06
2025-07-20,6296.79,20895.66,68.53,117428.79,148.55,120.7674,9835.0680952381,39819.11,18.7037,1.3439,23065.47,0.8001,1.3711,7.1776,5.5628,7.8467,71.06
2025-07-21,6305.6,20974.17,68.39,120026.42,147.27,120.4157,9835.0680952381,39819.11,18.6335,1.3498,23180.06,0.7973,1.3689,7.176,5.5512,7.8498,71.92
2025-07-22,6309.62,20892.68,67.56,118810.44,146.36,120.1036,9835.0680952381,39774.92,18.5963,1.3522,23063.58,0.7926,1.3615,7.1748,5.5543,7.8499,69.69
2025-07-23,6358.91,21020.02,66.05,118397.04,146.55,119.9888,9835.0680952381,41171.32,18.5784,1.3566,23162.41,0.7936,1.3609,7.1599,5.5456,7.8499,69.17
2025-07-24,6363.35,21057.96,67.16,117633.27,146.92,119.9892,9835.0680952381,41826.34,18.5589,1.3524,23219.86,0.7957,1.3643,7.1541,5.5209,7.8498,70.42
2025-07-25,6388.64,21108.32,66.38,117969.63,147.77,120.4082,9835.0680952381,41456.23,18.5676,1.3429,23272.25,0.7965,1.3714,7.1679,5.5669,7.8498,69.23
2025-07-26,6388.64,21108.32,66.38,119465.52,147.77,120.4082,9835.0680952381,41456.23,18.5676,1.3429,23272.25,0.7965,1.3714,7.1679,5.5669,7.8498,69.23
2025-07-27,6388.64,21108.32,66.38,118070.59,147.77,120.4082,9835.0680952381,41456.23,18.5676,1.3429,23272.25,0.7965,1.3714,7.1679,5.5669,7.8498,69.23
2025-07-28,6389.77,21178.58,67.81,117933.39,148.45,121.0228,9835.0680952381,40998.27,18.7314,1.3393,23356.27,0.8025,1.3718,7.1778,5.5936,7.8499,70.87
2025-07-29,6370.86,21098.29,70.27,117830.15,148.57,121.3652,9835.0680952381,40674.55,18.7694,1.3339,23308.3,0.8071,1.3777,7.1769,5.5687,7.8499,73.21
2025-07-30,6362.9,21129.67,71.09,115761.13,149.07,121.7944,9835.0680952381,40654.7,18.7987,1.3274,23345.41,0.8111,1.3814,7.1934,5.6193,7.8499,73.98
2025-07-31,6339.39,21122.45,70.36,113248.73,150.6,122.1088,9835.0680952381,41069.82,18.797,1.322,23218.12,0.8123,1.3845,7.2002,5.5848,7.8499,73.43
2025-08-01,6238.01,20650.13,68.39,112542.74,148.06,121.6148,9835.0680952381,40799.6,18.877,1.3259,22763.31,0.8068,1.3778,7.2116,5.5422,7.8499,70.55
2025-08-02,6238.01,20650.13,68.39,114215.73,148.06,121.6148,9835.0680952381,40799.6,18.877,1.3259,22763.31,0.8068,1.3778,7.2116,5.5422,7.8499,70.55
2025-08-03,6238.01,20650.13,68.39,115051.85,148.06,121.6148,9835.0680952381,40799.6,18.877,1.3259,22763.31,0.8068,1.3778,7.2116,5.5422,7.8499,70.55
2025-08-04,6329.94,21053.58,67.33,114112.95,147.09,121.3757,9835.0680952381,40290.7,18.8514,1.329,23188.61,0.8083,1.3775,7.178,5.5151,7.8499,69.56
2025-08-05,6299.19,20916.55,66.2,115028.83,147.49,121.3068,9835.0680952381,40549.54,18.7715,1.3309,23018.56,0.8071,1.3779,7.1835,5.5062,7.8498,69.14
2025-08-06,6345.06,21169.42,65.38,117515.49,147.25,120.9198,9835.0680952381,40794.86,18.64,1.336,23315.04,0.8052,1.3739,7.1822,5.4757,7.8499,67.97
2025-08-07,6340.0,21242.7,64.9,116683.79,147.35,120.9142,9835.0680952381,41059.15,18.6879,1.3434,23389.53,0.8074,1.3749,7.1806,5.4548,7.8494,66.99
2025-08-08,6389.45,21450.02,64.94,116492.51,147.7,120.7562,9835.0680952381,41820.48,18.5421,1.3444,23611.27,0.8073,1.3752,7.1839,5.4208,7.8499,67.17
2025-08-09,6389.45,21450.02,64.94,119309.37,147.7,120.7562,9835.0680952381,41820.48,18.5421,1.3444,23611.27,0.8073,1.3752,7.1839,5.4208,7.8499,67.17
2025-08-10,6389.45,21450.02,64.94,118701.84,147.7,120.7562,9835.0680952381,41820.48,18.5421,1.3444,23611.27,0.8073,1.3752,7.1839,5.4208,7.8499,67.17
2025-08-11,6373.45,21385.4,65.03,120113.18,147.99,121.1021,9835.0680952381,41820.48,18.6474,1.3414,23526.63,0.8126,1.3783,7.1884,5.4414,7.8499,67.36
2025-08-12,6445.76,21681.9,64.22,123365.63,147.8,120.6964,9835.0680952381,42718.17,18.5583,1.3509,23839.2,0.8081,1.3762,7.1785,5.3915,7.8499,66.8
2025-08-13,6466.58,21713.14,63.68,118389.79,147.25,120.5533,9835.0680952381,43274.67,18.6538,1.3572,23849.04,0.8043,1.3764,7.1744,5.4049,7.8498,66.25
2025-08-14,6468.54,21710.67,64.99,117436.96,147.69,121.0518,9835.0680952381,42649.26,18.816,1.3532,23832.44,0.8078,1.3806,7.1795,5.4137,7.834,68.12
2025-08-15,6449.8,21622.98,63.78,117455.68,147.0,120.7606,9835.0680952381,43378.31,18.733,1.3565,23712.07,0.8061,1.3808,7.1817,5.3964,7.8239,67.3
2025-08-16,6449.8,21622.98,63.78,117488.6,147.0,120.7606,9835.0680952381,43378.31,18.733,1.3565,23712.07,0.8061,1.3808,7.1817,5.3964,7.8239,67.3
2025-08-17,6449.8,21622.98,63.78,116286.76,147.0,120.7606,9835.0680952381,43378.31,18.733,1.3565,23712.07,0.8061,1.3808,7.1817,5.3964,7.8239,67.3
2025-08-18,6449.15,21629.77,64.51,112856.19,147.76,120.9792,9835.0680952381,43714.31,18.7821,1.3521,23713.76,0.8068,1.3815,7.1847,5.4206,7.818,68.18
2025-08-19,6411.37,21314.95,63.38,114276.0,147.72,121.137,9835.0680952381,43546.29,18.809,1.3496,23384.77,0.807,1.3859,7.1819,5.4764,7.7999,66.62
2025-08-20,6395.78,21172.86,64.19,112480.3,147.19,121.1828,9835.0680952381,42888.55,18.7834,1.345,23249.57,0.8044,1.3874,7.1757,5.4742,7.8125,67.61
2025-08-21,6370.17,21100.31,64.56,116908.68,148.35,121.485,9835.0680952381,42610.17,18.7849,1.3417,23142.58,0.8085,1.39,7.1793,5.4868,7.8138,68.41
2025-08-22,6466.91,21496.53,64.08,115383.87,146.82,120.6974,9835.0680952381,42633.29,18.5921,1.3528,23498.12,0.8016,1.3845,7.1651,5.4196,7.813,68.29
2025-08-23,6466.91,21496.53,64.08,113478.0,146.82,120.6974,9835.0680952381,42633.29,18.5921,1.3528,23498.12,0.8016,1.3845,7.1651,5.4196,7.813,68.29
2025-08-24,6466.91,21496.53,64.08,110127.74,146.82,120.6974,9835.0680952381,42633.29,18.5921,1.3528,23498.12,0.8016,1.3845,7.1651,5.4196,7.813,68.29
2025-08-25,6439.32,21449.29,65.18,111788.01,147.61,120.8298,9835.0680952381,42807.82,18.6316,1.3491,23425.6,0.8034,1.3829,7.151,5.4086,7.8116,68.29
2025-08-26,6465.94,21544.27,63.6,111253.21,147.3,120.9304,9835.0680952381,42394.4,18.6658,1.3485,23525.29,0.8031,1.3823,7.152,5.4335,7.7952,66.89
2025-08-27,6481.4,21590.14,64.49,112574.85,147.75,121.1236,9835.0680952381,42520.27,18.7039,1.3468,23565.85,0.8037,1.3825,7.1536,5.4332,7.7858,67.75
2025-08-28,6501.86,21705.16,64.96,108378.32,146.98,120.6537,9835.0680952381,42828.79,18.6638,1.3516,23703.45,0.8017,1.375,7.1306,5.4093,7.7948,68.61
2025-08-29,6460.26,21455.55,64.36,108827.93,146.9,120.6028,9835.0680952381,42718.47,18.6381,1.3511,23415.42,0.7996,1.3726,7.1304,5.4299,7.7949,67.83
2025-08-30,6460.26,21455.55,64.36,108247.95,146.9,120.6028,9835.0680952381,42718.47,18.6381,1.3511,23415.42,0.7996,1.3726,7.1304,5.4299,7.7949,67.83
2025-08-31,6460.26,21455.55,64.36,109240.55,146.9,120.6028,9835.0680952381,42718.47,18.6381,1.3511,23415.42,0.7996,1.3726,7.1304,5.4299,7.7949,67.83
2025-09-01,6460.26,21455.55,64.36,111247.94,146.9,120.6028,9835.0680952381,42188.79,18.6381,1.3511,23415.42,0.7996,1.3726,7.1304,5.4299,7.7949,67.09
2025-09-02,6415.54,21279.63,65.95,111756.41,148.23,121.0716,9835.0680952381,42310.49,18.7163,1.3392,23231.11,0.8033,1.3784,7.139,5.4633,7.8052,68.09
2025-09-03,6448.26,21497.73,64.36,110720.79,147.97,120.9032,9835.0680952381,41938.89,18.6732,1.3448,23414.84,0.8032,1.3787,7.1415,5.4571,7.8006,67.76
2025-09-04,6502.08,21707.69,63.81,110670.02,148.63,121.1565,9835.0680952381,42580.27,18.7419,1.3441,23633.01,0.8059,1.3828,7.1414,5.4641,7.8005,66.41
2025-09-05,6481.5,21700.39,62.22,110212.6,146.84,120.5394,9835.0680952381,43018.75,18.677,1.3543,23652.44,0.7958,1.3823,7.1323,5.3983,7.7961,64.92
2025-09-06,6481.5,21700.39,62.22,111129.61,146.84,120.5394,9835.0680952381,43018.75,18.677,1.3543,23652.44,0.7958,1.3823,7.1323,5.3983,7.7961,64.92
2025-09-07,6481.5,21700.39,62.22,112072.57,146.84,120.5394,9835.0680952381,43018.75,18.677,1.3543,23652.44,0.7958,1.3823,7.1323,5.3983,7.7961,64.92
2025-09-08,6495.15,21798.7,62.6,111549.32,147.58,120.5152,9835.0680952381,43643.81,18.6301,1.355,23762.3,0.7935,1.382,7.1293,5.4275,7.7932,65.44
2025-09-09,6512.61,21879.49,62.97,113983.97,147.23,120.5746,9835.0680952381,43459.29,18.633,1.3533,23839.8,0.7961,1.3834,7.1209,5.428,7.7872,67.97
2025-09-10,6532.04,21886.06,64.01,115540.0,147.37,120.5447,9835.0680952381,43837.67,18.598,1.3548,23849.27,0.7979,1.3843,7.1207,5.4089,7.7898,67.62
2025-09-11,6587.47,22043.07,62.71,116106.03,147.17,120.381,9835.0680952381,44372.5,18.5196,1.3568,23992.56,0.7961,1.383,7.1184,5.3828,7.7887,67.25
2025-09-12,6584.29,22141.1,63.02,115968.35,147.85,120.4905,9835.0680952381,44768.12,18.4821,1.3547,24092.19,0.7975,1.3858,7.1242,5.3541,7.7822,67.87
2025-09-13,6584.29,22141.1,63.02,115314.13,147.85,120.4905,9835.0680952381,44768.12,18.4821,1.3547,24092.19,0.7975,1.3858,7.1242,5.3541,7.7822,67.87
2025-09-14,6584.29,22141.1,63.02,115381.08,147.85,120.4905,9835.0680952381,44768.12,18.4821,1.3547,24092.19,0.7975,1.3858,7.1242,5.3541,7.7822,67.87
2025-09-15,6615.28,22348.75,63.66,116832.56,147.27,120.0042,9835.0680952381,44768.12,18.3353,1.3609,24293.78,0.7938,1.3797,7.1186,5.3088,7.7783,67.88
2025-09-16,6606.76,22333.96,64.89,116484.4,146.56,119.586,9835.0680952381,44902.27,18.2726,1.3654,24274.25,0.7877,1.3745,7.1142,5.3006,7.7808,69.69
2025-09-17,6600.35,22261.33,64.41,117117.99,146.36,119.6063,9835.0680952381,44790.38,18.335,1.3661,24223.69,0.7871,1.3761,7.1033,5.3069,7.7745,69.19
2025-09-18,6631.96,22470.73,63.91,115690.55,148.02,120.0986,9835.0680952381,45303.43,18.371,1.3552,24454.89,0.7927,1.3796,7.1125,5.302,7.7773,67.83
2025-09-19,6664.36,22631.48,63.02,115752.4,147.83,120.2166,9835.0680952381,45045.81,18.3749,1.3484,24626.25,0.7949,1.3772,7.1142,5.3257,7.7748,67.05
2025-09-20,6664.36,22631.48,63.02,115282.27,147.83,120.2166,9835.0680952381,45045.81,18.3749,1.3484,24626.25,0.7949,1.3772,7.1142,5.3257,7.7748,67.05
2025-09-21,6664.36,22631.48,63.02,112736.59,147.83,120.2166,9835.0680952381,45045.81,18.3749,1.3484,24626.25,0.7949,1.3772,7.1142,5.3257,7.7748,67.05
2025-09-22,6693.75,22788.98,62.99,112017.21,147.83,120.2461,9835.0680952381,45493.66,18.4322,1.3505,24761.07,0.7935,1.3814,7.114,5.3505,7.7696,66.87
2025-09-23,6656.92,22573.47,63.76,113348.17,147.83,120.0568,9835.0680952381,45493.66,18.3067,1.3518,24580.17,0.7922,1.3834,7.1116,5.289,7.7766,67.96
2025-09-24,6637.97,22497.86,65.4,109035.72,148.71,120.6024,9835.0680952381,45630.31,18.4453,1.345,24503.57,0.7951,1.3894,7.1315,5.318,7.7786,69.64
2025-09-25,6604.72,22384.7,65.51,109697.29,149.78,120.9635,9835.0680952381,45754.93,18.441,1.3351,24397.31,0.8006,1.3923,7.1338,5.3435,7.7807,70.48
2025-09-26,6643.7,22484.07,66.5,109681.16,149.52,120.8615,9835.0680952381,45354.99,18.3835,1.3404,24503.85,0.7985,1.3946,7.1328,5.3413,7.7801,71.15
2025-09-27,6643.7,22484.07,66.5,112197.67,149.52,120.8615,9835.0680952381,45354.99,18.3835,1.3404,24503.85,0.7985,1.3946,7.1328,5.3413,7.7801,71.15
2025-09-28,6643.7,22484.07,66.5,114365.07,149.52,120.8615,9835.0680952381,45354.99,18.3835,1.3404,24503.85,0.7985,1.3946,7.1328,5.3413,7.7801,71.15
2025-09-29,6661.21,22591.15,64.27,114067.71,148.57,120.5403,9835.0680952381,45043.75,18.3441,1.3433,24611.35,0.797,1.3904,7.1194,5.3254,7.782,69.0
2025-09-30,6688.46,22660.01,63.17,118659.97,147.97,120.5624,9835.0680952381,44932.63,18.3442,1.3443,24679.99,0.7966,1.3927,7.119,5.3269,7.7809,68.52
2025-10-01,6711.2,22755.16,62.59,120621.32,147.16,120.5782,9835.0680952381,44550.85,18.3588,1.3474,24800.86,0.7984,1.3953,7.12,5.3343,7.7812,66.67
2025-10-02,6715.35,22844.05,61.28,122318.4,147.35,120.844,9835.0680952381,44936.73,18.4829,1.3423,24892.76,0.7994,1.3974,7.12,5.3658,7.7834,65.44
2025-10-03,6715.79,22780.51,61.65,122458.56,147.33,120.5163,9835.0680952381,45769.5,18.383,1.3481,24785.52,0.7949,1.3946,7.12,5.3492,7.7805,66.13
2025-10-04,6715.79,22780.51,61.65,123520.79,147.33,120.5163,9835.0680952381,45769.5,18.383,1.3481,24785.52,0.7949,1.3946,7.12,5.3492,7.7805,66.13
2025-10-05,6715.79,22780.51,61.65,124720.09,147.33,120.5163,9835.0680952381,45769.5,18.383,1.3481,24785.52,0.7949,1.3946,7.12,5.3492,7.7805,66.13
2025-10-06,6740.28,22941.67,62.49,121393.95,150.02,120.7028,9835.0680952381,47944.76,18.3456,1.3476,24978.56,0.7954,1.3945,7.12,5.315,7.7818,67.09
2025-10-07,6714.59,22788.36,62.52,123343.25,151.17,120.9097,9835.0680952381,47950.88,18.3814,1.3441,24840.23,0.797,1.3949,7.12,5.342,7.7825,67.1
2025-10-08,6753.72,23043.38,63.37,121714.51,152.72,121.1884,9835.0680952381,47734.99,18.355,1.339,25136.62,0.802,1.3953,7.12,5.345,7.7822,67.42
2025-10-09,6735.11,23024.63,62.36,112980.28,153.05,121.4965,9835.0680952381,48580.44,18.38,1.3312,25098.18,0.8059,1.4009,7.1275,5.3639,7.7806,67.23
2025-10-10,6552.51,22204.43,59.75,110768.89,151.94,121.5217,9835.0680952381,48088.8,18.5195,1.3343,24221.75,0.8015,1.3997,7.134,5.4845,7.7824,64.41
2025-10-11,6552.51,22204.43,59.75,115067.98,151.94,121.5217,9835.0680952381,48088.8,18.5195,1.3343,24221.75,0.8015,1.3997,7.134,5.4845,7.7824,64.41
2025-10-12,6552.51,22204.43,59.75,115274.03,151.94,121.5217,9835.0680952381,48088.8,18.5195,1.3343,24221.75,0.8015,1.3997,7.134,5.4845,7.7824,64.41
2025-10-13,6654.72,22694.61,59.75,113068.0,151.94,121.5217,9835.0680952381,48088.8,18.5195,1.3343,24750.25,0.8015,1.3997,7.134,5.4845,7.7824,64.15
2025-10-14,6644.31,22521.7,59.52,110804.12,151.77,121.5815,9835.0680952381,46847.32,18.4904,1.3321,24579.32,0.801,1.4041,7.1384,5.4795,7.7746,63.0
2025-10-15,6671.06,22670.08,59.08,108198.0,151.21,121.2669,9835.0680952381,47672.67,18.4793,1.3396,24745.36,0.7972,1.4033,7.1262,5.4426,7.7742,62.33
2025-10-16,6629.07,22562.54,58.29,106463.3,150.75,121.0834,9835.0680952381,48277.74,18.4029,1.3425,24657.24,0.7957,1.4045,7.123,5.4348,7.7714,61.08
2025-10-17,6664.01,22679.97,58.3,107208.91,150.33,121.1218,9835.0680952381,47582.15,18.4297,1.3425,24817.95,0.7919,1.4046,7.1264,5.4178,7.7676,61.23
2025-10-18,6664.01,22679.97,58.3,108676.78,150.33,121.1218,9835.0680952381,47582.15,18.4297,1.3425,24817.95,0.7919,1.4046,7.1264,5.4178,7.7676,61.23
2025-10-19,6664.01,22679.97,58.3,110568.06,150.33,121.1218,9835.0680952381,47582.15,18.4297,1.3425,24817.95,0.7919,1.4046,7.1264,5.4178,7.7676,61.23
2025-10-20,6735.13,22990.54,58.34,108362.27,150.59,121.0394,9835.0680952381,49185.5,18.3874,1.342,25141.02,0.7918,1.4029,7.1195,5.3708,7.7673,60.71
2025-10-21,6735.35,22953.67,58.66,107585.98,151.72,121.302,9835.0680952381,49316.06,18.423,1.3391,25127.13,0.795,1.401,7.1218,5.3722,7.7706,61.0
2025-10-22,6699.4,22740.4,59.3,110116.03,151.79,121.3075,9835.0680952381,49307.79,18.4179,1.3372,24879.0,0.7958,1.3978,7.1257,5.3919,7.7704,62.28
2025-10-23,6738.44,22941.8,62.44,111042.13,152.72,121.3633,9835.0680952381,48641.61,18.3981,1.3323,25097.42,0.7956,1.3991,7.1221,5.3837,7.7711,66.32
2025-10-24,6791.69,23204.87,62.27,111666.21,152.82,121.342,9835.0680952381,49299.65,18.393,1.3298,25358.16,0.7958,1.4013,7.1211,5.3822,7.7696,65.8
2025-10-25,6791.69,23204.87,62.27,114548.09,152.82,121.342,9835.0680952381,49299.65,18.393,1.3298,25358.16,0.7958,1.4013,7.1211,5.3822,7.7696,65.8
2025-10-26,6791.69,23204.87,62.27,114087.06,152.82,121.342,9835.0680952381,49299.65,18.393,1.3298,25358.16,0.7958,1.4013,7.1211,5.3822,7.7696,65.8
2025-10-27,6875.16,23637.46,62.13,112906.75,153.09,121.2002,9835.0680952381,50512.32,18.392,1.3331,25821.55,0.7965,1.3995,7.1102,5.3763,7.767,65.52
2025-10-28,6890.89,23827.49,60.97,110032.13,152.14,121.0349,9835.0680952381,50219.18,18.4133,1.328,26012.16,0.7927,1.3937,7.0988,5.3629,7.7695,64.03
2025-10-29,6890.59,23958.47,61.26,108308.18,151.91,120.929,9835.0680952381,51307.65,18.4194,1.3243,26119.85,0.7958,1.3893,7.098,5.3452,7.7705,65.01
2025-10-30,6822.34,23581.14,61.36,109555.27,154.17,121.665,9835.0680952381,51325.61,18.543,1.3147,25734.81,0.802,1.3982,7.1097,5.384,7.7689,65.11
2025-10-31,6840.2,23724.96,61.75,110052.25,154.05,121.7715,9835.0680952381,52411.34,18.5465,1.3141,25858.13,0.8027,1.401,7.1169,5.3858,7.7717,65.44
2025-11-01,6840.2,23724.96,61.75,110536.01,154.05,121.7715,9835.0680952381,52411.34,18.5465,1.3141,25858.13,0.8027,1.401,7.1169,5.3858,7.7717,65.44
2025-11-02,6840.2,23724.96,61.75,106557.98,154.05,121.7715,9835.0680952381,52411.34,18.5465,1.3141,25858.13,0.8027,1.401,7.1169,5.3858,7.7717,65.44
2025-11-03,6851.97,23834.72,61.79,101468.15,154.13,121.8422,9835.0680952381,52411.34,18.4832,1.315,25972.94,0.8073,1.4049,7.1222,5.3608,7.7721,65.79
2025-11-04,6771.55,23348.64,61.38,100291.85,153.55,122.2066,9835.0680952381,51497.2,18.6114,1.3044,25435.7,0.8091,1.4081,7.1295,5.384,7.7742,65.04
2025-11-05,6796.29,23499.8,60.4,103472.0,154.11,122.2295,9835.0680952381,50212.27,18.5993,1.3051,25620.03,0.8107,1.4108,7.126,5.3578,7.7745,63.54
2025-11-06,6720.32,23053.99,60.24,101447.93,152.97,122.0788,9835.0680952381,50883.68,18.6203,1.3107,25130.04,0.8069,1.4127,7.1195,5.358,7.775,63.41
2025-11-07,6728.8,23004.54,60.54,102882.15,153.06,121.7835,9835.0680952381,50276.37,18.4738,1.3165,25059.81,0.804,1.4075,7.1219,5.3432,7.7775,63.72
2025-11-08,6728.8,23004.54,60.54,101838.43,153.06,121.7835,9835.0680952381,50276.37,18.4738,1.3165,25059.81,0.804,1.4075,7.1219,5.3432,7.7775,63.72
2025-11-09,6728.8,23004.54,60.54,106496.49,153.06,121.7835,9835.0680952381,50276.37,18.4738,1.3165,25059.81,0.804,1.4075,7.1219,5.3432,7.7775,63.72
2025-11-10,6832.43,23527.17,60.94,106071.01,153.99,121.6932,9835.0680952381,50911.76,18.3908,1.3157,25611.74,0.8062,1.4029,7.1193,5.3184,7.7736,63.01
2025-11-11,6846.61,23468.3,60.94,102734.93,153.99,121.6932,9835.0680952381,50842.93,18.3908,1.3157,25533.49,0.8062,1.4029,7.1193,5.3184,7.7736,63.86
2025-11-12,6850.92,23406.46,59.3,101945.44,154.64,121.4459,9835.0680952381,51063.31,18.3031,1.3131,25517.33,0.7972,1.4,7.112,5.2955,7.7698,61.88
2025-11-13,6737.49,22870.36,59.54,98906.39,154.4,121.1756,9835.0680952381,51281.83,18.2706,1.3214,24993.46,0.7917,1.401,7.095,5.2858,7.7701,62.14
2025-11-14,6734.11,22900.59,60.87,94829.23,154.64,121.363,9835.0680952381,50376.53,18.3299,1.3156,25008.24,0.7933,1.4023,7.0992,5.2865,7.7716,63.45
2025-11-15,6734.11,22900.59,60.87,95095.36,154.64,121.363,9835.0680952381,50376.53,18.3299,1.3156,25008.24,0.7933,1.4023,7.0992,5.2865,7.7716,63.45
2025-11-16,6734.11,22900.59,60.87,95197.96,154.64,121.363,9835.0680952381,50376.53,18.3299,1.3156,25008.24,0.7933,1.4023,7.0992,5.2865,7.7716,63.45
2025-11-17,6672.41,22708.07,60.66,91855.7,155.2,121.5131,9835.0680952381,50323.91,18.3446,1.3179,24799.92,0.7956,1.4028,7.1075,5.3066,7.7733,63.16
2025-11-18,6617.32,22432.85,61.51,92184.51,155.44,121.6042,9835.0680952381,48702.98,18.357,1.3152,24503.1,0.7996,1.3996,7.1074,5.3203,7.7836,64.86
2025-11-19,6642.16,22564.23,60.27,91783.66,156.63,121.8845,9835.0680952381,48537.7,18.3368,1.3077,24640.52,0.8046,1.4049,7.1106,5.3366,7.7892,63.78
2025-11-20,6538.76,22078.05,60.07,87214.0,157.41,122.0735,9835.0680952381,49823.94,18.392,1.3079,24054.38,0.8054,1.4092,7.1098,5.3297,7.7837,63.64
2025-11-21,6602.99,22273.08,58.86,84826.0,156.58,122.235,9835.0680952381,48625.88,18.454,1.31,24239.57,0.8087,1.4094,7.1066,5.389,7.7855,62.78
2025-11-22,6602.99,22273.08,58.86,85133.92,156.58,122.235,9835.0680952381,48625.88,18.454,1.31,24239.57,0.8087,1.4094,7.1066,5.389,7.7855,62.78
2025-11-23,6602.99,22273.08,58.86,86499.25,156.58,122.235,9835.0680952381,48625.88,18.454,1.31,24239.57,0.8087,1.4094,7.1066,5.389,7.7855,62.78
2025-11-24,6705.12,22872.01,59.11,87981.12,156.94,122.2833,9835.0680952381,48625.88,18.5131,1.3096,24873.85,0.8084,1.411,7.102,5.395,7.7809,64.83
2025-11-25,6765.88,23025.59,58.25,87366.12,156.3,122.0044,9835.0680952381,48659.52,18.4311,1.3174,25018.36,0.8091,1.4115,7.0845,5.39,7.7776,63.99
2025-11-26,6812.61,23214.69,58.81,90635.53,156.38,121.6225,9835.0680952381,49559.07,18.3444,1.3228,25236.94,0.8048,1.4051,7.0758,5.3496,7.7768,64.81
2025-11-27,6812.61,23214.69,58.81,91094.0,156.38,121.6225,9835.0680952381,50167.1,18.3444,1.3228,25236.94,0.8048,1.4051,7.0758,5.3496,7.7768,64.18
2025-11-28,6849.09,23365.69,58.58,90919.78,156.17,121.4288,9835.0680952381,50253.91,18.2915,1.3239,25434.89,0.8036,1.3974,7.0751,5.3399,7.7848,64.07
2025-11-29,6849.09,23365.69,58.58,90946.75,156.17,121.4288,9835.0680952381,50253.91,18.2915,1.3239,25434.89,0.8036,1.3974,7.0751,5.3399,7.7848,64.07
2025-11-30,6849.09,23365.69,58.58,87446.89,156.17,121.4288,9835.0680952381,50253.91,18.2915,1.3239,25434.89,0.8036,1.3974,7.0751,5.3399,7.7848,64.07
2025-12-01,6812.63,23275.92,59.47,86628.25,155.28,121.3615,9835.0680952381,49303.28,18.2811,1.3229,25342.85,0.8035,1.3982,7.0717,5.3543,7.7882,64.22
2025-12-02,6829.37,23413.67,58.81,91532.75,155.92,121.5149,9835.0680952381,49303.45,18.305,1.3186,25555.86,0.8046,1.3988,7.07,5.3424,7.7837,63.37
2025-12-03,6849.72,23454.09,59.09,93150.03,155.17,121.1131,9835.0680952381,49864.68,18.28,1.3334,25606.54,0.8004,1.395,7.0636,5.3115,7.7836,63.75
2025-12-04,6857.12,23505.14,59.82,92353.31,154.9,121.0614,9835.0680952381,51028.42,18.2285,1.3355,25581.7,0.8022,1.3939,7.0714,5.3018,7.7819,64.15
2025-12-05,6870.4,23578.13,60.23,89347.18,155.3,121.0615,9835.0680952381,50491.87,18.1887,1.3324,25692.05,0.805,1.3858,7.0696,5.4108,7.7843,64.42
2025-12-06,6870.4,23578.13,60.23,89480.46,155.3,121.0615,9835.0680952381,50491.87,18.1887,1.3324,25692.05,0.805,1.3858,7.0696,5.4108,7.7843,64.42
2025-12-07,6870.4,23578.13,60.23,90435.42,155.3,121.0615,9835.0680952381,50491.87,18.1887,1.3324,25692.05,0.805,1.3858,7.0696,5.4108,7.7843,64.42
2025-12-08,6846.51,23545.9,59.04,90338.37,155.89,121.1478,9835.0680952381,50581.94,18.2319,1.3321,25627.95,0.8078,1.3846,7.071,5.4431,7.7798,63.3
2025-12-09,6840.51,23576.49,58.4,92243.57,156.85,121.0601,9835.0680952381,50655.1,18.1778,1.332,25668.69,0.8061,1.3832,7.0633,5.4359,7.782,62.62
2025-12-10,6886.68,23654.16,58.67,91194.97,156.33,121.0557,9835.0680952381,50602.8,18.2198,1.334,25776.44,0.8027,1.3834,7.064,5.4728,7.7814,63.12
2025-12-11,6901.0,23593.86,57.76,91784.59,155.15,120.3821,9835.0680952381,50148.82,18.0301,1.3428,25686.68,0.7932,1.3769,7.0579,5.4037,7.7818,61.87
2025-12-12,6827.41,23195.17,57.61,90350.0,155.81,120.5383,9835.0680952381,50836.55,18.0386,1.3351,25196.73,0.796,1.3783,7.0548,5.4072,7.7835,62.11
2025-12-13,6827.41,23195.17,57.61,90326.01,155.81,120.5383,9835.0680952381,50836.55,18.0386,1.3351,25196.73,0.796,1.3783,7.0548,5.4072,7.7835,62.11
2025-12-14,6827.41,23195.17,57.61,88460.01,155.81,120.5383,9835.0680952381,50836.55,18.0386,1.3351,25196.73,0.796,1.3783,7.0548,5.4072,7.7835,62.11
2025-12-15,6816.51,23057.41,56.97,85950.0,155.29,120.3501,9835.0680952381,50168.11,17.9755,1.338,25067.26,0.7963,1.3765,7.047,5.4063,7.7825,61.55
2025-12-16,6800.26,23111.46,55.44,87599.87,154.8,120.283,9835.0680952381,49383.29,17.9417,1.3429,25132.94,0.7949,1.3749,7.0417,5.4603,7.7792,59.93
2025-12-17,6721.43,22693.32,56.07,86064.34,155.6,120.5451,9835.0680952381,49512.28,18.0319,1.339,24647.61,0.7948,1.3791,7.0431,5.5234,7.7802,60.61
2025-12-18,6774.76,23006.36,56.22,85352.25,155.53,120.4409,9835.0680952381,49001.5,17.97,1.3389,25019.37,0.7942,1.3762,7.0404,5.5162,7.781,60.69
2025-12-19,6834.5,23307.62,56.8,88016.09,157.43,120.5571,9835.0680952381,49507.21,17.9977,1.3379,25346.18,0.795,1.378,7.0409,5.5107,7.7824,61.35
2025-12-20,6834.5,23307.62,56.8,88322.39,157.43,120.5571,9835.0680952381,49507.21,17.9977,1.3379,25346.18,0.795,1.378,7.0409,5.5107,7.7824,61.35
2025-12-21,6834.5,23307.62,56.8,88716.0,157.43,120.5571,9835.0680952381,49507.21,17.9977,1.3379,25346.18,0.795,1.378,7.0409,5.5107,7.7824,61.35
2025-12-22,6878.49,23428.83,58.18,88837.97,156.93,120.3816,9835.0680952381,50402.39,17.99,1.3457,25461.7,0.7925,1.3744,7.0367,5.5747,7.7791,62.22
2025-12-23,6909.79,23561.84,58.55,87594.74,156.33,120.098,9835.0680952381,50412.87,17.924,1.3485,25587.83,0.7897,1.3713,7.028,5.5384,7.778,63.7
2025-12-24,6932.05,23613.31,58.72,87516.0,155.83,119.8262,9835.0680952381,50344.1,17.9209,1.3505,25656.15,0.7887,1.3671,7.0142,5.52,7.7759,63.7
2025-12-25,6932.05,23613.31,58.72,87159.35,155.83,119.8262,9835.0680952381,50407.79,17.9209,1.3505,25656.15,0.7887,1.3671,7.0142,5.52,7.7759,63.7
2025-12-26,6929.94,23593.1,56.6,87280.65,156.63,119.8529,9835.0680952381,50750.39,17.9088,1.3492,25644.39,0.79,1.3662,7.0063,5.5384,7.771,63.7
2025-12-27,6929.94,23593.1,56.6,87844.66,156.63,119.8529,9835.0680952381,50750.39,17.9088,1.3492,25644.39,0.79,1.3662,7.0063,5.5384,7.771,63.7
2025-12-28,6929.94,23593.1,56.6,88029.48,156.63,119.8529,9835.0680952381,50750.39,17.9088,1.3492,25644.39,0.79,1.3662,7.0063,5.5384,7.771,63.7
2025-12-29,6905.74,23474.35,57.89,87055.23,156.1,119.9679,9835.0680952381,50526.92,17.962,1.3497,25525.56,0.7899,1.368,7.0056,5.5789,7.774,63.1
2025-12-30,6896.24,23419.08,57.79,88185.26,156.26,119.8754,9835.0680952381,50339.48,17.9474,1.348,25462.56,0.7907,1.3678,6.9961,5.4978,7.7811,62.3
2025-12-31,6845.5,23241.99,57.26,87696.0,156.8,120.1166,9835.0680952381,50339.48,18.0057,1.3447,25249.85,0.7936,1.3712,6.9931,5.477,7.7833,61.35
2026-01-01,6845.5,23241.99,57.26,88642.88,156.8,120.1166,9835.0680952381,50339.48,18.0057,1.3447,25249.85,0.7936,1.3712,6.9931,5.477,7.7833,61.35
2026-01-02,6858.47,23235.63,57.21,90112.01,156.72,119.9876,9835.0680952381,50339.48,17.8763,1.3481,25206.17,0.7918,1.3738,6.9877,5.4224,7.7911,61.98
2026-01-03,6858.47,23235.63,57.21,91351.98,156.72,119.9876,9835.0680952381,50339.48,17.8763,1.3481,25206.17,0.7918,1.3738,6.9877,5.4224,7.7911,61.98
2026-01-04,6858.47,23235.63,57.21,92392.38,156.72,119.9876,9835.0680952381,50339.48,17.8763,1.3481,25206.17,0.7918,1.3738,6.9877,5.4224,7.7911,61.98
2026-01-05,6902.05,23395.82,58.1,93891.94,156.32,120.0032,9835.0680952381,51832.8,17.88,1.3527,25401.32,0.7924,1.3757,6.988,5.409,7.7844,63.0
2026-01-06,6944.82,23547.17,56.97,92771.99,156.7,120.1587,9835.0680952381,52518.08,17.9599,1.3497,25639.71,0.7954,1.3789,6.9834,5.3702,7.7867,62.1
2026-01-07,6920.93,23584.27,56.01,91377.92,156.73,120.2573,9835.0680952381,51961.98,17.9532,1.3474,25653.9,0.7967,1.3828,6.9965,5.3898,7.7863,61.08
2026-01-08,6921.46,23480.02,57.74,91246.53,156.9,120.4604,9835.0680952381,51117.26,17.9863,1.343,25507.1,0.7993,1.3864,6.9835,5.3849,7.7924,63.34
2026-01-09,6966.28,23671.35,58.96,90476.01,158.07,120.5856,9835.0680952381,51939.89,17.9787,1.3413,25766.26,0.8012,1.3893,6.9772,5.3543,7.7945,65.11
2026-01-10,6966.28,23671.35,58.96,90509.91,158.07,120.5856,9835.0680952381,51939.89,17.9787,1.3413,25766.26,0.8012,1.3893,6.9772,5.3543,7.7945,65.11
2026-01-11,6966.28,23671.35,58.96,91538.05,158.07,120.5856,9835.0680952381,51939.89,17.9787,1.3413,25766.26,0.8012,1.3893,6.9772,5.3543,7.7945,65.11
2026-01-12,6977.27,23733.9,59.39,91293.98,158.07,120.5856,9835.0680952381,51939.89,17.9056,1.3466,25787.66,0.7972,1.3876,6.9731,5.368,7.7964,65.4
2026-01-13,6963.74,23709.87,59.39,95222.7,158.07,120.5856,9835.0680952381,53549.16,17.8535,1.3436,25741.95,0.8005,1.3885,6.9775,5.3843,7.8015,67.58
2026-01-14,6926.6,23471.75,59.39,96852.91,158.07,120.5856,9835.0680952381,54341.23,17.8052,1.3445,25465.94,0.7987,1.3871,6.973,5.3796,7.7973,68.87
2026-01-15,6926.6,23471.75,59.39,96852.91,158.07,120.5856,9835.0680952381,54110.5,17.6607,1.3387,25547.08,0.803,1.3896,6.966,5.3629,7.7967,66.16
2026-01-16,6926.6,23471.75,59.39,96852.91,158.07,120.5856,9835.0680952381,53936.17,17.672,1.3384,25529.26,0.8026,1.392,6.9681,5.3719,7.799,66.97
2026-01-19,6926.6,23471.75,59.39,96852.91,158.07,120.5856,9835.0680952381,53583.57,17.672,1.3384,25529.26,0.8026,1.392,6.9681,5.3719,7.799,66.91
2026-01-20,6926.6,23471.75,59.39,96852.91,158.07,120.5856,9835.0680952381,52991.1,17.6066,1.3472,24987.57,0.7891,1.3821,6.9599,5.3618,7.7987,67.68
2026-01-21,6926.6,23471.75,59.39,96852.91,158.07,120.5856,9835.0680952381,52774.64,17.4325,1.343,25326.58,0.7929,1.3813,6.9637,5.3235,7.7968,67.68
2026-01-22,6926.6,23471.75,59.39,96852.91,158.07,120.5856,9835.0680952381,53688.89,17.4706,1.3489,25518.35,0.7905,1.3799,6.97,5.2965,7.7968,67.68
2026-01-23,6926.6,23471.75,59.39,96852.91,158.07,120.5856,9835.0680952381,53846.87,17.4536,1.359,25605.47,0.7879,1.3726,6.9631,5.2951,7.7981,67.68
2026-01-26,6926.6,23471.75,59.39,96852.91,158.07,120.5856,9835.0680952381,52885.25,17.4536,1.359,25713.21,0.7879,1.3726,6.9631,5.2951,7.7981,67.68
2026-01-27,6926.6,23471.75,59.39,96852.91,158.07,120.5856,9835.0680952381,53333.54,17.4536,1.359,25939.74,0.7879,1.3726,6.9631,5.2951,7.7981,67.68
2026-01-28,6926.6,23471.75,59.39,96852.91,158.07,120.5856,9835.0680952381,53358.71,17.4536,1.359,25939.74,0.7879,1.3726,6.9631,5.2951,7.7981,67.68
